data_year,utility_number,utility_name,state,ba_code,yearly_energy_and_demand_savings_number_of_customers_enrolled_residential,yearly_energy_and_demand_savings_number_of_customers_enrolled_commercial,yearly_energy_and_demand_savings_number_of_customers_enrolled_industrial,yearly_energy_and_demand_savings_number_of_customers_enrolled_transportation,yearly_energy_and_demand_savings_number_of_customers_enrolled_total,yearly_energy_and_demand_savings_energy_savings_mwh_residential,yearly_energy_and_demand_savings_energy_savings_mwh_commercial,yearly_energy_and_demand_savings_energy_savings_mwh_industrial,yearly_energy_and_demand_savings_energy_savings_mwh_transportation,yearly_energy_and_demand_savings_energy_savings_mwh_total,yearly_energy_and_demand_savings_potential_peak_demand_savings_mw_residential,yearly_energy_and_demand_savings_potential_peak_demand_savings_mw_commercial,yearly_energy_and_demand_savings_potential_peak_demand_savings_mw_industrial,yearly_energy_and_demand_savings_potential_peak_demand_savings_mw_transportation,yearly_energy_and_demand_savings_potential_peak_demand_savings_mw_total,yearly_energy_and_demand_savings_actual_peak_demand_savings_mw_residential,yearly_energy_and_demand_savings_actual_peak_demand_savings_mw_commercial,yearly_energy_and_demand_savings_actual_peak_demand_savings_mw_industrial,yearly_energy_and_demand_savings_actual_peak_demand_savings_mw_transportation,yearly_energy_and_demand_savings_actual_peak_demand_savings_mw_total,program_costs_customer_incentives_thousand_dollars_residential,program_costs_customer_incentives_thousand_dollars_commercial,program_costs_customer_incentives_thousand_dollars_industrial,program_costs_customer_incentives_thousand_dollars_transportation,program_costs_customer_incentives_thousand_dollars_total,program_costs_all_other_costs_thousand_dollars_residential,program_costs_all_other_costs_thousand_dollars_commercial,program_costs_all_other_costs_thousand_dollars_industrial,program_costs_all_other_costs_thousand_dollars_transportation,program_costs_all_other_costs_thousand_dollars_total,dsm_program_grid_connected_water_heater
2024,162,Aiken Electric Coop Inc,SC,SC,231,0,0,,231,1.016,0,0,,1.016,0.205,0,0,,0.205,0.155,0,0,,0.155,9.95,,,,9.95,,,,,,0
2024,189,PowerSouth Energy Cooperative,AL,SOCO,16748,,,,16748,0,,,,0,14,,,,14,14,,,,14,0,,,,0,319,,,,319,0
2024,195,Alabama Power Co,AL,SOCO,21252,5,55,,21312,278.194,0.25,0,,278.444,143.498,4.41,1521.06,,1668.968,14.135,2.42,0,,16.555,133.65,99.555,30553.03,,30786.235,3571.254,181.28,362.559,,4115.093,
2024,207,Alameda Municipal Power,CA,CISO,33174,4052,,,37226,,,,,,,,,,,,,,,,,,,,,,,,,,
2024,213,Alaska Electric Light & Power Co.,AK,NA,2227,28,,,2255,,,,,,5,13,,,18,,,,,,62.087,0.781,,,62.868,0.235,0.003,,,0.238,
2024,295,City of Alexandria - (MN),MN,MISO,1695,,,,1695,,,,,,11.733,,,,11.733,6.334,,,,6.334,0.001,,,,0.001,150.334,,,,150.334,
2024,332,Allegheny Electric Coop Inc,PA,PJM,42843,,,,42843,,,,,,42.335,,,,42.335,41.971,,,,41.971,,,,,,3250.27,,,,3250.27,13
2024,407,Altamaha Electric Member Corp,GA,SOCO,,,231,,231,,,41,,41,,,16.7,,16.7,,,10.9,,10.9,,,,,,,,,,,
2024,554,City of Ames - (IA),IA,MISO,10846,174,1,,11021,,,,,,3.1,0.1,2,,5.2,3.1,0.1,2,,5.2,218.07,7.815,31.2,,257.085,,,,,,
2024,590,City of Anaheim - (CA),CA,CISO,551,13,,,564,,,,,,,9.9,,,9.9,,,,,,1.07,,,,1.07,,,,,,
2024,733,Appalachian Power Co,VA,PJM,10170,,1,,10171,90,,,,90,10.2,,15.9,,26.1,7.3,,,,7.3,264,,,,264,618,,,,618,
2024,733,Appalachian Power Co,WV,PJM,1876,,4,,1880,126,,,,126,1.9,,31.5,,33.4,0.8,,,,0.8,95,,,,95,280,,,,280,
2024,803,Arizona Public Service Co,AZ,AZPS,97110,100,,,97210,34635,6348,,,40983,146.4,26.9,,,173.3,146.4,26.9,,,173.3,4098.1,0,,,4098.1,5482.8,1299.7,,,6782.5,240
2024,807,Arkansas Electric Coop Corp,AR,MISO,,,8,,8,,,,,,,,257,,257,,,,,,,,31694.207,,31694.207,,,,,,
2024,814,Entergy Arkansas LLC,AR,MISO,14750,168,1610,,16528,2123,1218,841,,4182,19,2,454,,475,19,2,18,,39,491,1489,407,,2387,1109,3909,3263,,8281,
2024,1009,City of Austin - (MN),MN,MISO,5202,2,,,5204,194,3.04,,,197.04,4.49,0.37,,,4.86,4.49,0.31,,,4.8,,16.194,,,16.194,,,,,,
2024,1015,Austin Energy,TX,ERCO,38442,579,25,0,39046,0,0,0,0,0,38.01,13.999,4.181,0,56.19,31.08,12.081,3.609,0,46.77,1024.835,855.386,262.318,0,2142.539,994.849,653.269,200.336,0,1848.454,0
2024,1167,Baltimore Gas & Electric Co,MD,PJM,871427,0,0,0,871427,116.246,0,0,0,116.246,315.969,0,0,0,315.969,,,,,,24982.688,0,0,0,24982.688,10625.237,0,0,0,10625.237,0
2024,1251,Barron Electric Coop,WI,MISO,5846,343,0,0,6189,0,0,0,0,0,3.34,10.967,0,0,14.307,1.423,4.672,0,0,6.095,20,1,0,0,21,218,13,0,0,231,7
2024,1529,"Beltrami Electric Coop, Inc",MN,MISO,7319,200,0,0,7519,4038.54,57.93,0,0,4096.47,216.099,3.1,0,0,219.199,26.886,0.386,0,0,27.272,204.649,2.936,0,0,207.585,381.389,5.471,0,0,386.86,
2024,1613,Berkeley Electric Coop Inc,SC,SC,797,0,0,0,797,540.074,0,0,0,540.074,0.705,0,0,0,0.705,0.535,0,0,0,0.535,29.9,0,0,0,29.9,0,0,0,0,0,293
2024,1769,"Black Hills Electric Coop, Inc",SD,SWPP,773,29,0,0,802,6.651,1.208,0,0,7.859,1.649,0.29,0,0,1.939,0.924,0.29,0,0,1.214,0,0,0,0,0,26.81,0.69,0,0,27.5,186
2024,1889,Blue Ridge Elec Member Corp - (NC),NC,DUK,36775,,,,36775,1.901,,,,1.901,2.627,,,,2.627,1.901,,,,1.901,24.567,,,,24.567,,,,,,
2024,1890,Blue Ridge Electric Coop Inc - (SC),SC,DUK,199,0,0,0,199,0,0,0,0,0,0.241,0,0,0,0.241,0.183,0,0,0,0.183,9.95,,,,9.95,,,,,,
2024,2678,C & L Electric Coop Corp,AR,MISO,,18,,,18,,,,,,,0.439,,,0.439,,0.308,,,0.308,,5.903,,,5.903,,,,,,
2024,2985,"Capital Electric Coop, Inc",ND,SWPP,1123,6,5,,1134,,,,,,10.781,0.057,0.028,,10.866,8.575,0.046,0.028,,8.649,47.991,0.247,0.323,,48.561,136.23,0.728,0.607,,137.565,46
2024,3046,Duke Energy Progress - (NC),NC,CPLE,222053,4353,,,226406,0,0,,,0,309.531,29.557,,,339.088,0,0,,,0,5990.585,1913.706,,,7904.291,10544.027,62.037,,,10606.064,
2024,3046,Duke Energy Progress - (NC),SC,CPLE,16919,393,,,17312,,,,,,24.969,7.381,,,32.35,,,,,,937.834,299.593,,,1237.427,1650.682,9.712,,,1660.394,
2024,3107,Carteret-Craven El Member Corp,NC,CPLE,302,38,,,340,156.426,624.672,,,781.098,0.009,2.169,,,2.178,0.007,0,,,0.007,15.904,102.776,,,118.68,0,0,,,0,86
2024,3203,Cedar Falls Utilities,IA,MISO,0,3,1,0,4,0,9280.382,13.105,0,9293.487,0,35.355,1.75,0,37.105,0,35.355,1.75,0,37.105,0,4176.721,36,0,4212.721,0,2.604,0.868,0,3.472,
2024,3205,Cedar-Knox Public Power Dist,NE,SWPP,,,781,,781,,,,,,,,47.5,,47.5,,,19,,19,,,,,,,,104,,104,
2024,3222,Central Alabama Electric Coop,AL,SOCO,102,,,,102,95.866,,,,95.866,0.147,,,,0.147,,,,,,,,,,,21.995,,,,21.995,
2024,3248,Central Georgia El Member Corp,GA,SOCO,3706,,,,3706,212,,,,212,7,,,,7,4,,,,4,87,,,,87,145,,,,145,13
2024,3249,Central Hudson Gas & Elec Corp,NY,NYIS,3419,10,5,0,3434,22.36,23.038,5.102,0,50.5,2.795,3.795,2.28,0,8.87,2.795,2.88,0.638,0,6.313,,,,,,,,,,,
2024,3278,AEP Texas Central Company,TX,ERCO,,319,,,319,,38,,,38,,55.9,,,55.9,,38.2,,,38.2,,1112,,,1112,,99,,,99,
2024,3279,"Central Power Elec Coop, Inc",ND,SWPP,,,,,,2627,525.5,,,3152.5,12.57,1.286,,,13.856,12.57,1.286,,,13.856,287.586,393.371,26.913,,707.87,,,,,,
2024,3502,"Choctawhatche Elec Coop, Inc",FL,SOCO,57070,9407,2,0,66479,0,0,0,0,0,44.32,6.61,0.02,0,50.95,44.32,6.61,0.02,0,50.95,44.08,0,0,0,44.08,5.3,0.82,0.68,0,6.8,
2024,3503,"Choptank Electric Cooperative, Inc",MD,PJM,,11,,,11,,,,,,,1.658,,,1.658,,1.174,,,1.174,,3.172,,,3.172,,,,,,
2024,3660,PUD No 1 of Clark County - (WA),WA,BPAT,629,,5,,634,46.2,,381.2,,427.4,,,11.05,,11.05,0,,0,,0,36.7,,330.424,,367.124,103,,0,,103,
2024,3755,Cleveland Electric Illum Co,OH,PJM,0,0,4,0,4,0,0,0,0,0,0,0,189.722,0,189.722,0,0,189.722,0,189.722,0,0,8218.444,0,8218.444,0,0,0,0,0,
2024,3757,"Clay Electric Cooperative, Inc - (FL)",FL,SEC,,7,,,7,,,,,,,18.05,,,18.05,,18.05,,,18.05,,200,,,200,,200,,,200,
2024,3931,Coles-Moultrie Electric Coop,IL,MISO,0,74,8,,82,,,,,,0,6.6,4,,10.6,,,,,,,,,,,,,,,,
2024,3989,City of Colorado Springs - (CO),CO,WACM,9033,0,0,0,9033,0,0,0,0,0,15,0,0,0,15,5,0,0,0,5,396,0,0,0,396,444,0,0,0,444,
2024,4065,City of Columbus - (OH),OH,PJM,,,1,,1,,,0.136,,0.136,,,0.136,,0.136,,,0.136,,0.136,,,1380.3,,1380.3,,,0,,0,
2024,4110,Commonwealth Edison Co,IL,PJM,389841,2578,587,0,393006,237.4,0,0,0,237.4,111.196,448,499,0,1058.196,88.8,0,0,0,88.8,3155.87,0,0.2,0,3156.07,4297.133,494,112,0,4903.133,0
2024,4176,Connecticut Light & Power Co,CT,ISNE,23308,71,84,,23463,,,,,,42.959,37.251,41.84,,122.05,39.213,28.807,34.042,,102.062,2553.222,1712.695,2010.554,,6276.471,1520.71,169.055,199.579,,1889.344,
2024,4226,Consolidated Edison Co-NY Inc,NY,NYIS,58041,6623,,,64664,135.88,4085.25,,,4221.13,51.29,443.82,,,495.11,32.53,315.25,,,347.78,5938,52090,,,58028,187,1811,,,1998,
2024,4254,Consumers Energy Co - (MI),MI,MISO,323786,1192,249,,325227,379.2,,,,379.2,146.3,124.5,384,,654.8,110.2,,,,110.2,2994.72,3287.721,11122.154,,17404.595,11563.508,8610.407,1519.484,,21693.399,
2024,4295,Comanche County Elec Coop Assn,TX,ERCO,,10,,,10,,,,,,,1.864,,,1.864,,0.289,,,0.289,,17.687,,,17.687,,,,,,
2024,4362,Corn Belt Energy Corporation,IL,MISO,48,,,,48,1.2,,,,1.2,3.25,,,,3.25,2.5,,,,2.5,236.496,,,,236.496,,,,,,
2024,4363,Corn Belt Power Coop,IA,SWPP,5977,,5,,5982,,,,,,57.68,,69.73,,127.41,42.16,,66.46,,108.62,,,,,,,,,,,885
2024,4430,"Covington Electric Coop, Inc",AL,SOCO,2539,,,,2539,,,,,,0.31,,,,0.31,0,,,,0,,,,,,,,,,,0
2024,4509,Craighead Electric Coop Corp,AR,MISO,,745,1,,746,,,,,,,27.2,1.2,,28.4,,12.6,1.2,,13.8,,,,,,,1380,55,,1435,
2024,4538,Crisp County Power Comm,GA,SOCO,,,2,,2,,,,,,,,12,,12,,,10,,10,,,0,,0,,,0,,0,
2024,4671,Custer Public Power District,NE,SWPP,,,1877,,1877,,,2797,,2797,,,83,,83,,,47,,47,,,,,,,,550,,550,
2024,4675,Cuivre River Electric Coop Inc,MO,AECI,0,7,0,0,7,0,0,0,0,0,0,6.409,0,0,6.409,0,3.912,0,0,3.912,0,0,0,0,0,0,0,0,0,0,0
2024,4794,City of Danville - (VA),VA,PJM,,1,3,,4,,,,,,,0.848,2.926,,3.774,,0.848,2.926,,3.774,,3.047,7.714,,10.761,,,,,,
2024,4911,Dawson Power District,NE,SWPP,,,4737,,4737,,,,,,,,101.134,,101.134,,,79.325,,79.325,,,,,,,,129.997,,129.997,
2024,5027,Delmarva Power,DE,PJM,262638,16380,,,279018,41,0,,,41,108.9,0.7,,,109.6,40,0,,,40,8,0,,,8,1305,0,,,1305,
2024,5027,Delmarva Power,MD,PJM,41034,3153,,,44187,32,11,,,43,35.9,5,,,40.9,35.9,5,,,40.9,1805,7,,,1812,2343,480,,,2823,
2024,5070,Delaware Electric Cooperative,DE,PJM,2873,1163,,,4036,25.9,0,,,25.9,94.89,19.77,,,114.66,22.23,11.44,,,33.67,73.07,1675,,,1748.07,7.31,167.5,,,174.81,
2024,5078,"Denton County Elec Coop, Inc",TX,ERCO,12273,,,,12273,127.8,,,,127.8,31,,,,31,21.8,,,,21.8,490.92,,,,490.92,592.586,,,,592.586,
2024,5109,DTE Electric Company,MI,MISO,384047,1950,359,0,386356,446,1,0,0,447,254,4,398,0,656,144,0,0,0,144,3093,10,1408,0,4511,10548,12,3862,0,14422,
2024,5335,City of Dover - (DE),DE,PJM,,3,1,,4,,,,,,,7.801,5.291,,13.092,,4.986,3.777,,8.763,,25.297,33.023,,58.32,,,,,,
2024,5416,"Duke Energy Carolinas, LLC",NC,DUK,222924,6371,,,229295,,,,,,323.123,485.799,,,808.922,,,,,,7202.143,12939.958,,,20142.101,11219.736,3245.585,,,14465.321,
2024,5416,"Duke Energy Carolinas, LLC",SC,DUK,70709,2106,,,72815,,,,,,102.762,153.882,,,256.644,,,,,,2523.855,4534.563,,,7058.418,3931.744,1137.354,,,5069.098,
2024,5417,Dunn County Electric Coop,WI,MISO,3171,354,,,3525,,,,,,1.69,19.883,,,21.573,0.359,4.24,,,4.599,347,39,,,386,130,14,,,144,17
2024,5480,Town of Danvers,MA,ISNE,88,8,,,96,3.48,2.23,,,5.71,1.23,2.95,,,4.18,0.4,0.38,,,0.78,7.5,4.9,,,12.4,10.25,3.45,,,13.7,
2024,5552,"East River Elec Pwr Coop, Inc",SD,SWPP,,,,,,,,,,,54.4,2.8,10.8,0,68,54.4,2.8,10.8,0,68,2,0.17,0.043,0,2.213,583.21,80.12,20.03,0,683.36,1410
2024,5580,"East Kentucky Power Coop, Inc",KY,PJM,6471,0,24,0,6495,32.355,0,0,0,32.355,10.35,0,322,0,332.35,10.35,0,60,0,70.35,1489,0,26420,0,27909,1850,0,0,0,1850,0
2024,5701,El Paso Electric Co,NM,EPE,9064,9064,,,18128,149,9,,,158,4,0.5,,,4.5,4,0.5,,,4.5,124,20,,,144,131,22,,,153,
2024,5701,El Paso Electric Co,TX,EPE,10201,10201,4,,20406,931,56,32.872,,1019.872,10.2,3.5,1.991,,15.691,10.2,3.5,1.991,,15.691,634,164,95.544,,893.544,26,12,0,,38,
2024,5773,City of Elk River,MN,MISO,,8,,,8,,,,,,,16.65,,,16.65,,14.03,,,14.03,,,,,,,,,,,
2024,5780,Elkhorn Rural Public Pwr Dist,NE,SWPP,,,1641,,1641,,,472.537,,472.537,,,93,,93,,,46,,46,,,0,,0,,,259,,259,
2024,5880,"Energy Coop of New York, Inc",NY,NYIS,,1,,,1,,,,,,,0.3,,,0.3,,0.3,,,0.3,,,,,,,,,,,
2024,5905,Excelsior Electric Member Corp,GA,SOCO,,,226,,226,,,131,,131,,,8.8,,8.8,,,2.2,,2.2,,,0,,0,,,51.4,,51.4,
2024,6182,"Farmers Electric Coop, Inc - (TX)",TX,ERCO,2101,,,,2101,55.48,,,,55.48,4.41,,,,4.41,1.08,,,,1.08,77.94,,,,77.94,116.17,,,,116.17,
2024,6342,First Electric Coop Corp,AR,MISO,5907,0,480,,6387,32.62,0,338.999,,371.619,5.907,0,67.914,,73.821,1,0,6.503,,7.503,181.935,0,4580,,4761.935,,,,,,
2024,6374,Fitchburg Gas & Elec Light Co,MA,ISNE,456,4,,,460,,,,,,0.086,0.767,,,0.853,0.086,0.767,,,0.853,5.3,130.681,,,135.981,36.09,32.329,,,68.419,
2024,6395,Flathead Electric Coop Inc,MT,BPAT,2749,,,,2749,,,,,,33.397,,,,33.397,25.033,,,,25.033,131.94,,,,131.94,1.505,,,,1.505,
2024,6411,Flint Electric Membership Corp,GA,SOCO,18481,,637,,19118,130.733,,290.792,,421.525,17.86,,34.9,,52.76,1.96,,8.04,,10,270,,178,,448,28,,1,,29,
2024,6452,Florida Power & Light Co,FL,FPL,632104,17324,,,649428,551,7972,,,8523,827,910,,,1737,,,,,,27520,74185,,,101705,16305,1828,,,18133,
2024,6455,"Duke Energy Florida, LLC",FL,FPC,433000,264,100,0,433364,0,0,0,0,0,367,201,283,0,851,0,0,0,0,0,21475,56578,0,0,78053,10656,3198,0,0,13854,
2024,6604,City of Fort Collins - (CO),CO,PSCO,6006,7,,,6013,0,0,,,0,3,1,,,4,1.25,0,,,1.25,32.43,,,,32.43,1329.1,47,,,1376.1,39
2024,6709,Easley Combined Utility System,SC,DUK,533,,,,533,,,,,,0.476,,,,0.476,0.476,,,,0.476,27.83,,,,27.83,8.1,,,,8.1,
2024,6782,Freeborn Mower Electric Cooperative,MN,MISO,2031,72,0,0,2103,0,0,0,0,0,0.98,8.164,0,0,9.144,0.604,5.027,0,0,5.631,162,6,0,0,168,81,3,0,0,84,39
2024,7004,"Buckeye Power, Inc",OH,PJM,121765,40,,,121805,2773,446.6,,,3219.6,34.7,6,,,40.7,34.7,6,,,40.7,170,,,,170,135,,,,135,
2024,7090,GreyStone Power Corporation,GA,SOCO,0,52,50,0,102,0,0.51,0.904,0,1.414,0,29.866,77.265,0,107.131,0,11.097,19.581,0,30.678,0,0,0,0,0,0,0,0,0,0,
2024,7140,Georgia Power Co,GA,SOCO,38191,1693,837,1,40722,,,,,,276.554,194.478,258.195,,729.227,29.63,,,,29.63,1109.18,126.525,5854.619,,7090.324,1787.866,3635.165,2710.805,10.2,8144.036,
2024,7294,City of Glendale - (CA),CA,LDWP,2260,27,,,2287,67.552,9.784,,,77.336,2.056,0.351,,,2.407,1.876,0.272,,,2.148,197.6,13.238,,,210.838,527.356,509.323,,,1036.679,
2024,7349,"Golden Spread Electric Cooperative, Inc",OK,SWPP,,1,,,1,,0,,,0,,1.977,,,1.977,,0,,,0,,120,,,120,,,,,,
2024,7490,Grand River Dam Authority,OK,SWPP,,,1,,1,,,,,,,,12,,12,,,12,,12,,,578,,578,,,,,,
2024,7570,Great River Energy,MN,MISO,241047,10376,,,251423,25725,1526,,,27251,180,169,,,349,180,49,,,229,982.75,0,,,982.75,4809.106,159.889,,,4968.995,870
2024,7601,Green Mountain Power Corp,VT,ISNE,22781,658,7,,23446,,,,,,47.43,13.33,11,,71.76,3.63,3.47,0.1,,7.2,773,96,3,,872,,,,,,
2024,7634,City of Greenville - (TX),TX,ERCO,,1,,,1,,97.698,,,97.698,,6,,,6,,,,,,,,,,,,,,,,
2024,7752,Guadalupe Valley Elec Coop Inc,TX,ERCO,3695,,,,3695,386.663,,,,386.663,6.206,,,,6.206,5.438,,,,5.438,362,,,,362,,,,,,
2024,7785,"Gulf Coast Electric Coop, Inc",FL,SOCO,711,,,,711,0.619,,,,0.619,0.853,,,,0.853,0.853,,,,0.853,1.41,,,,1.41,21.2,,,,21.2,
2024,7977,City of Hamilton - (OH),OH,PJM,,16,,,16,,25.286,,,25.286,,25.286,,,25.286,,25.286,,,25.286,,,,,,,0,,,0,
2024,8179,Harrison County Rural E M C,IN,MISO,1168,,,,1168,,,,,,1,,,,1,,,,,,,,,,,,,,,,
2024,8210,Hart Electric Member Corp,GA,SOCO,30297,9549,,,39846,297.8,95.7,,,393.5,4.41,1.4,,,5.81,4.41,1.4,,,5.81,,,,,,,,,,,
2024,8287,Hawaii Electric Light Co Inc,HI,NA,103,,,,103,139.12,,,,139.12,0.592,,,,0.592,,,,,,79,,,,79,,,,,,
2024,8319,Heartland Power Coop,IA,MISO,2808,70,34,,2912,,,,,,1.183,4.486,4.673,,10.342,0.795,3.016,3.412,,7.223,,,,,,156,4,73,,233,0
2024,8333,Haywood Electric Member Corp,NC,DUK,445,,,,445,1,,,,1,1,,,,1,1,,,,1,36,,,,36,,,,,,
2024,8570,Highline Electric Assn,CO,WACM,,,365,,365,,,,,,,,26.201,,26.201,,,,,,,,401.069,,401.069,,,9.859,,9.859,
2024,8570,Highline Electric Assn,NE,WACM,,,189,,189,,,,,,,,36.209,,36.209,,,,,,,,153.598,,153.598,,,4.006,,4.006,
2024,8773,"Holy Cross Electric Assn, Inc",CO,PSCO,2819,198,,,3017,52.62,54.52,,,107.14,70.33,39.96,,,110.29,24.51,4.52,,,29.03,253.56,37.768,,,291.328,4.83,5.11,,,9.94,
2024,8901,CenterPoint Energy,TX,ERCO,27654,526,0,0,28180,101.117,389.994,0,0,491.111,33.706,129.998,0,0,163.704,33.706,129.998,0,0,163.704,1285.69,4968.14,0,0,6253.83,97.73,326.74,0,0,424.47,
2024,9191,Idaho Power Co,ID,IPCO,17451,299,2481,0,20231,0,0,0,0,0,22.3,27.8,241.3,0,291.4,20.4,23.8,187.2,0,231.4,345.8,504.9,8099.9,0,8950.6,578.5,80.3,561.4,0,1220.2,0
2024,9191,Idaho Power Co,OR,IPCO,190,10,36,0,236,0,0,0,0,0,0.3,10.3,1.7,0,12.3,0.2,8.8,1.3,0,10.3,3.7,201.3,43.7,0,248.7,30.2,4.2,73.2,0,107.6,0
2024,9246,"Indian Electric Coop, Inc",OK,SWPP,64,0,1,0,65,2.9,0,16.2,0,19.1,0.096,0,0.912,0,1.008,0.073,0,0.898,0,0.971,1.725,0,16.015,0,17.74,22.2,0,0,0,22.2,
2024,9267,"Hoosier Energy R E C, Inc",IN,MISO,1297,,,,1297,,,,,,,,,,,,,,,,21.825,,,,21.825,,,,,,
2024,9273,AES Indiana,IN,MISO,66534,,,,66534,312,,,,312,49.9,0,,,49.9,38.94,,,,38.94,1697.6,0,,,1697.6,1544.4,,,,1544.4,1215
2024,9286,Illinois Municipal Elec Agency,IL,MISO,,1,,,1,,0,,,0,,0.5,,,0.5,,0,,,0,,0,,,0,,,,,,
2024,9324,Indiana Michigan Power Co,IN,PJM,20000,111,39,,20150,101.8,0,0,,101.8,20,13.7,176,,209.7,7,0,0,,7,727,0,0,,727,948,18,0,,966,
2024,9324,Indiana Michigan Power Co,MI,PJM,8800,,,,8800,30.26,,,,30.26,8.8,,,,8.8,2.5,,,,2.5,289,,,,289,376,,,,376,36
2024,9417,Interstate Power and Light Co,IA,MISO,45713,62,75,,45850,318.175,56.219,336.963,,711.357,32.118,32.235,193.209,,257.562,,,,,,1726.412,4212.483,25248.799,,31187.694,970.383,30.216,36.551,,1037.15,
2024,9425,Iowa Lakes Electric Coop,IA,SWPP,5020,,,,5020,,,,,,2.7,,,,2.7,,,,,,,,,,,,,,,,
2024,9431,Irwin Electric Membership Corp,GA,SOCO,,,,,,,,,,,,,,,,,,,,,,,,,,,,,,,
2024,9576,Jackson County Rural E M C - (IN),IN,MISO,904,,,,904,21.473,,,,21.473,1.4,,,,1.4,1.1,,,,1.1,3,,,,3,15,,,,15,
2024,9590,"Jackson Electric Coop, Inc - (TX)",TX,ERCO,,,12,,12,,,,,,,,43,,43,,,42,,42,,,2468,,2468,,,,,,
2024,9601,Jackson Electric Member Corp - (GA),GA,SOCO,23410,135,,,23545,0,0,,,0,11,1,,,12,11,1,,,12,387,5,,,392,0,0,,,0,
2024,9726,Jersey Central Power & Lt Co,NJ,PJM,7828,0,0,0,7828,226.76,0,0,0,226.76,25.4,0,0,0,25.4,18.27,0,0,0,18.27,46.376,0,0,0,46.376,815.162,0,0,0,815.162,
2024,9750,"Jo-Carroll Energy, Inc",IL,MISO,1674,7,7,,1688,,,,,,1.347,2.05,2.05,,5.447,0.528,0.803,0.803,,2.134,94,36,36,,166,15,6,6,,27,
2024,9778,Johnson County Rural E M C,IN,MISO,,,3,,3,,,25.401,,25.401,,,8.017,,8.017,,,5.128,,5.128,,,37.626,,37.626,,,3,,3,
2024,10000,Evergy Metro,KS,SWPP,14497,90,,,14587,119.001,0,,,119.001,2.578,3.548,,,6.126,2.505,3.548,,,6.053,424.79,276.77,,,701.56,317.7,261.79,,,579.49,
2024,10000,Evergy Metro,MO,SWPP,31080,183,,,31263,95.83,0,,,95.83,28.601,15.052,,,43.653,28.601,15.052,,,43.653,1047.73,921.94,,,1969.67,899.33,976.26,,,1875.59,
2024,10005,"Evergy Kansas South, Inc",KS,SWPP,21329,684,35,,22048,184.248,,,,184.248,5.454,7.939,106.851,,120.244,5.376,6.096,,,11.472,318.79,206.9,4271.74,,4797.43,354.78,293.54,,,648.32,
2024,10171,Kentucky Utilities Co,KY,LGEE,60409,774,,,61183,,,,,,53.995,0.927,,,54.922,15.394,0.182,,,15.576,1059.76,11.925,,,1071.685,1681.923,581.965,,,2263.888,
2024,10345,City of Kinston - (NC),NC,CPLE,3787,,20,,3807,292.87,,124.65,,417.52,,,,,,,,,,,,,,,,0.249,,2.746,,2.995,
2024,10539,"La Plata Electric Assn, Inc",CO,WACM,238,2,,,240,7.023,3.194,,,10.217,0.605,0.08,,,0.685,0,0,,,0,42.156,0,,,42.156,11.709,3.985,,,15.694,0
2024,10596,City of Lake Crystal - (MN),MN,MISO,270,,,,270,2.7,,,,2.7,,,,,,,,,,,5,,,,5,,,,,,
2024,10704,City of Lansing - (MI),MI,MISO,133,,,,133,2.32,,,,2.32,0.661,,,,0.661,0.476,,,,0.476,9.8,,,,9.8,112,,,,112,
2024,10768,"Laurens Electric Coop, Inc",SC,DUK,5660,,2,,5662,12.7,,4,,16.7,7.1,,3,,10.1,7.1,,2,,9.1,1.35,,,,1.35,,,,,,
2024,10857,"Lee County Electric Coop, Inc - (FL)",FL,FPL,13165,51,,,13216,114.43,745.55,,,859.98,2.67,27.73,,,30.4,2.67,17.64,,,20.31,243.6,1369.04,,,1612.64,31.79,215.1,,,246.89,
2024,11018,Lincoln Electric System,NE,SWPP,4062,,,,4062,,,,,,5,,,,5,5,,,,5,118,,,,118,192,,,,192,
2024,11171,Long Island Power Authority,NY,NYIS,45895,860,,,46755,,,,,,52.06,18.18,,,70.24,35.798,13.81,,,49.608,1001.385,584.15,,,1585.535,2280.52,402.635,,,2683.155,
2024,11208,Los Angeles Department of Water & Power,CA,LDWP,49844,78,,,49922,443,167,,,610,41,27,,,68,37,21,,,58,4329.915,1391.767,,,5721.682,,,,,,
2024,11241,Entergy Louisiana LLC,LA,MISO,,,11,,11,,,,,,,,236.9,,236.9,,,,,,,,31031.06,,31031.06,,,,,,
2024,11249,Louisville Gas & Electric Co,KY,LGEE,76754,824,0,0,77578,0,0,0,0,0,68.8,0.9,0,0,69.7,20.1,0.2,0,0,20.3,930,9,0,0,939,1291,440,0,0,1731,0
2024,11251,Loup River Public Power Dist,NE,SWPP,,,579,,579,,,,,,,,24.458,,24.458,,,19.177,,19.177,,,,,,,,105.27,,105.27,
2024,11291,Lumbee River Elec Member Corp,NC,CPLE,317,,,,317,150.7,,,,150.7,0.476,,,,0.476,0.476,,,,0.476,15.85,,,,15.85,1.25,,,,1.25,
2024,11475,City of Madison - (SD),SD,MISO,2078,,,,2078,96,,,,96,16,,,,16,0,,,,0,188,,,,188,4,,,,4,
2024,11501,Magic Valley Electric Coop Inc,TX,ERCO,1945,,,,1945,9.98,,,,9.98,4,,,,4,3.5,,,,3.5,48.5,,,,48.5,25,,,,25,
2024,11560,City of Manassas - (VA),VA,PJM,1976,,,,1976,8.379,,,,8.379,0.698,,,,0.698,0.698,,,,0.698,,,,,,4620,,,,4620,
2024,11731,City of Marshall - (MN),MN,MISO,4193,246,31,0,4470,745.361,3365.994,385.764,0,4497.119,3.738,3.112,0.998,0,7.848,3.738,3.112,0.998,0,7.848,101.267,266.49,87.941,0,455.698,33.321,19.698,6.388,0,59.407,1
2024,11843,Maui Electric Co Ltd,HI,NA,965,30,,,995,169.783,182.29,,,352.073,5.654,3.686,,,9.34,,,,,,176.401,76.29,,,252.691,191.288,42.51,,,233.798,
2024,12199,Montana-Dakota Utilities Co,MT,SWPP,,1,12,,13,,,,,,,0.135,18.222,,18.357,,,,,,,4.743,640.746,,645.489,,2.033,274.605,,276.638,
2024,12199,Montana-Dakota Utilities Co,ND,MISO,,20,5,,25,,,,,,,6.529,10.632,,17.161,,,,,,,173.16,458.268,,631.428,,31.332,31.383,,62.715,
2024,12208,City of McPherson - (KS),KS,SWPP,,16,2,,18,,,,,,,1,,,1,,1,,,1,,12,,,12,,1,,,1,
2024,12260,Mecklenburg Electric Cooperative,VA,PJM,,,5,,5,,,424,,424,,,5,,5,,,2,,2,,,436.052,,436.052,,,,,,
2024,12268,"Medina Electric Coop, Inc",TX,ERCO,,744,,,744,,,,,,,78.999,,,78.999,,33.8,,,33.8,,,,,,,82.419,,,82.419,
2024,12301,Nodak Electric Coop Inc,ND,MISO,5238,0,307,0,5545,3272,0,483,0,3755,91.41,0,65.03,0,156.44,36.34,0,29.07,0,65.41,34.047,0,0,0,34.047,190.9,0,11.06,0,201.96,
2024,12341,MidAmerican Energy Co,IA,MISO,62033,12,8,0,62053,617.1,120,894.3,0,1631.4,87.5,20.1,150.6,0,258.2,87.5,20.1,150.6,0,258.2,1802,523,2648,0,4973,1327,53,266,0,1646,
2024,12341,MidAmerican Energy Co,IL,MISO,3693,0,1,0,3694,43.1,0,103.4,0,146.5,6.2,0,17.2,0,23.4,6.2,0,17.2,0,23.4,132,0,320,0,452,154,0,34,0,188,
2024,12351,City of Mesa - (AZ),AZ,WALC,89,2,,,91,0,,,,0,0.168,0.004,,,0.172,0.108,0.002,,,0.11,6.2,1,,,7.2,75.687,,,,75.687,
2024,12377,Midwest Energy Cooperative - (MI),IN,PJM,37,4,,,41,0.5,13,,,13.5,,,,,,,,,,,2.335,4.319,,,6.654,0.887,0.045,,,0.932,
2024,12377,Midwest Energy Cooperative - (MI),MI,PJM,4252,490,,,4742,57,1149,,,1206,,,,,,,,,,,219.218,333.573,,,552.791,97.648,7.474,,,105.122,69
2024,12377,Midwest Energy Cooperative - (MI),OH,PJM,33,,,,33,0.6,,,,0.6,,,,,,,,,,,3.524,,,,3.524,0.724,,,,0.724,
2024,12395,Menard Electric Coop,IL,MISO,0,0,1317,0,1317,0,0,252.96,0,252.96,0,0,25.023,0,25.023,0,0,12.485,0,12.485,0,0,0,0,0,0,0,343.563,0,343.563,
2024,12478,Town of Middletown - (DE),DE,PJM,,,3,,3,,,0,,0,,,7.614,,7.614,,,6.441,,6.441,,,112.734,,112.734,,,,,,
2024,12539,Midwest Electric Member Corp - (NE),NE,WACM,0,0,1885,0,1885,0,0,0,0,0,0,0,37.444,0,37.444,0,0,22.547,0,22.547,0,0,3507.692,0,3507.692,0,0,0,0,0,
2024,12647,"ALLETE, Inc.",MN,MISO,7084,473,6,,7563,61.21,55.99,0.54,,117.74,19.146,2.987,303.031,,325.164,,,,,,1842.697,597.102,11496.44,,13936.239,,,,,,
2024,12681,Mississippi County Electric Co,AR,MISO,,,835,,835,,,,,,,,2.97,,2.97,,,2.139,,2.139,,,210.188,,210.188,,,173.381,,173.381,
2024,12685,Entergy Mississippi LLC,MS,MISO,11362,,3,,11365,,,,,,11.362,,46.6,,57.962,8.845,,,,8.845,438.15,,,,438.15,736.93,,,,736.93,
2024,12686,Mississippi Power Co,MS,SOCO,0,6,6,0,12,0,0,0,0,0,0,24.15,80.021,0,104.171,0,0,0,0,0,0,474.16,404.36,0,878.52,0,0,0,0,0,
2024,12698,Evergy Missouri West,MO,SWPP,29114,202,,,29316,138.75,,,,138.75,32.095,15.757,,,47.852,32.095,15.757,,,47.852,1196.92,1013.06,,,2209.98,863.46,1073.4,,,1936.86,
2024,12745,Modesto Irrigation District,CA,BANC,2223,,2,,2225,,,,,,3,,7.134,,10.134,,,,,,91.47,,282.497,,373.967,179.615,,41.821,,221.436,
2024,12894,City of Moorhead - (MN),MN,SWPP,2563,36,5,0,2604,258.051,925.826,148.499,0,1332.376,1.351,0.314,2.281,0,3.946,1.351,0.314,2.281,0,3.946,129.925,319.65,122.768,0,572.343,0,0,0,0,0,0
2024,13208,City of Naperville - (IL),IL,PJM,,1,,,1,,51,,,51,,0.5,,,0.5,,0.5,,,0.5,,1.8,,,1.8,,,,,,
2024,13337,Nebraska Public Power District,NE,SWPP,267,409,20,0,696,0,0,0,0,0,0,10,85,0,95,0,10,0,0,10,0,521,0,0,521,0,46,0,0,46,
2024,13407,Nevada Power Co,NV,NEVP,73243,1702,,,74945,19519,5540,,,25059,157,13.1,,,170.1,145.1,10.1,,,155.2,1603.64,285.51,,,1889.15,13509.53,960.64,,,14470.17,
2024,13441,New Hampshire Elec Coop Inc,NH,ISNE,4249,,,,4249,1.855,,,,1.855,1.855,,,,1.855,1.855,,,,1.855,216.59,,,,216.59,209.402,,,,209.402,
2024,13478,"Entergy New Orleans, LLC",LA,MISO,10301,17,1,,10319,12.796,36.961,,,49.757,8.014,2.495,18.8,,29.309,8.014,2.495,,,10.509,346.126,209.339,,,555.465,868.845,213.684,,,1082.529,
2024,13485,New Smyrna Beach City of,FL,FPL,2766,,,,2766,,,,,,5,,,,5,,,,,,178,,,,178,,,,,,
2024,13511,New York State Elec & Gas Corp,NY,NYIS,18663,82,21,,18766,321,145,1222,,1688,17.8,5.9,40.7,,64.4,17.8,3.8,40.7,,62.3,517,187,1280,,1984,841,27,184,,1052,
2024,13519,City of Newark - (DE),DE,PJM,,2,1,,3,,0.512,0.414,,0.926,,0.841,0.209,,1.05,,0.841,0.209,,1.05,,1.86,0,,1.86,,,,,,
2024,13573,Niagara Mohawk Power Corp.,NY,NYIS,26315,276,37,0,26628,834.9,3054.876,1221.524,0,5111.3,33.893,69.429,277.619,0,380.941,27.8,69.429,277.619,0,374.848,529,943.6,3774.2,0,5246.8,781.6,293.5,163.8,0,1238.9,
2024,13630,North Carolina Mun Power Agny #1,NC,DUK,18403,68,19,,18490,78,4102,4199.74,,8379.74,1,72,74,,147,1,45,46,,92,,,,,,,,,,,
2024,13640,Northern Virginia Elec Coop,VA,PJM,39026,2,4,,39032,7.5,91.533,31.792,,130.825,7.5,7.077,6.423,,21,7.5,6.804,5.448,,19.752,0,,654.583,,654.583,145.963,,,,145.963,0
2024,13664,Norris Public Power District,NE,SWPP,0,2,1695,0,1697,0,0,0,0,0,0,0.5,67,0,67.5,0,0.3,43,0,43.3,0,0,0,0,0,0,10,195,0,205,
2024,13676,"North Arkansas Elec Coop, Inc",AR,MISO,8236,,,,8236,,,,,,3.5,,,,3.5,3.5,,,,3.5,267,,,,267,,,,,,
2024,13683,North Carolina El Member Corp,NC,CPLE,15306,,,,15306,,,,,,36.18,,,,36.18,,,,,,644,,,,644,2510,,,,2510,431
2024,13687,North Carolina Eastern M P A,NC,CPLE,134000,262,160,,134422,0,0,0,,0,54,77,224,,355,40.75,58.52,170.24,,269.51,3235.545,772,327,,4334.545,1142.7,86,115,,1343.7,
2024,13762,"Northern Neck Elec Coop, Inc",VA,PJM,4479,,,,4479,100,,,,100,2.78,,,,2.78,2.78,,,,2.78,4769,,,,4769,,,,,,
2024,13780,Northern States Power Co,WI,MISO,18294,1078,270,,19642,19,3,0,,22,15,7,70,,92,15,7,64,,86,200,0,0,,200,484,15,36,,535,
2024,13781,Northern States Power Co - Minnesota,MN,MISO,916526,19834,1679,,938039,658,98.017,34.974,,790.991,403,131,311,,845,403,131,267,,801,16874.508,310.641,370.405,,17555.554,9336.584,2355.036,969.292,,12660.912,
2024,13781,Northern States Power Co - Minnesota,ND,MISO,11621,619,118,,12358,13,2,0,,15,8,2,49,,59,8,2,41,,51,465,0,0,,465,175,8,18,,201,
2024,13781,Northern States Power Co - Minnesota,SD,MISO,20010,590,103,,20703,25,2,0,,27,15,3,14,,32,15,3,12,,30,797,0,0,,797,333,59,22,,414,
2024,13798,Northwest Iowa Power Coop,IA,SWPP,16295,0,1450,,17745,0,0,0,0,0,47.51,0,7.45,0,54.96,10.4,0,6.47,0,16.87,3220,0,287,0,3507,3629,0,323,0,3952,
2024,13839,City of Norwood - (MA),MA,ISNE,431,,,,431,0,,,,0,2.5,,,,2.5,0.4,,,,0.4,61.598,,,,61.598,24.5,,,,24.5,
2024,13936,Oakdale Electric Coop,WI,MISO,5224,121,1,0,5346,0,0,0,0,0,2.253,56.26,6.239,0,64.752,0.095,2.362,0.262,0,2.719,373,9,37,0,419,258,6,25,0,289,3
2024,13998,Ohio Edison Co,OH,PJM,0,0,16,0,16,0,0,0,0,0,0,0,216.446,0,216.446,0,0,216.446,0,216.446,0,0,8723.015,0,8723.015,0,0,0,0,0,
2024,14063,Oklahoma Gas & Electric Co,AR,SWPP,0,14,0,0,14,0,0,0,0,0,0,57.74,0,0,57.74,0,0,0,0,0,0,3425.14,0,0,3425.14,0,0,0,0,0,0
2024,14063,Oklahoma Gas & Electric Co,OK,SWPP,98694,15689,0,0,114383,26314.834,4822.507,0,0,31137.341,105.983,554.353,0,0,660.336,105.983,16.061,0,0,122.044,0,21478.888,0,0,21478.888,1356.033,214.794,0,0,1570.827,0
2024,14127,Omaha Public Power District,NE,SWPP,59395,22,2,0,59419,8467,0,0,0,8467,88.91,31.81,22,0,142.72,84.73,31.67,22,0,138.4,1429.69,2931.42,7142.4,0,11503.51,570.883,38.1,0,0,608.983,0
2024,14154,Orange & Rockland Utils Inc,NY,NYIS,6330,88,11,0,6429,8.62,5.942,4.438,0,19,8.62,7.45,5.61,,21.68,6.402,5.942,4.438,0,16.782,331,207,156,0,694,460,60,45,0,565,
2024,14175,"Tri-County Electric Coop, Inc (SC)",SC,SC,17326,,242,,17568,1013,,320,,1333,3,,,,3,,,,,,,,,,,,,,,,
2024,14232,Otter Tail Power Co,MN,MISO,18302,1590,0,0,19892,0,0,0,0,0,14,28,0,0,42,14,28,0,0,42,43.02,58.963,0,0,101.983,41.2,56.468,0,0,97.668,
2024,14232,Otter Tail Power Co,ND,MISO,15776,2035,0,0,17811,0,0,0,0,0,13,121,0,0,134,13,121,0,0,134,148,158.615,0,0,306.615,51.103,54.768,0,0,105.871,
2024,14232,Otter Tail Power Co,SD,MISO,3692,321,0,0,4013,0,0,0,0,0,3,6,0,0,9,3,6,0,0,9,18.803,17.456,0,0,36.259,6.492,6.027,0,0,12.519,
2024,14246,City of Owatonna - (MN),MN,MISO,6431,248,9,0,6688,75.1,9,20.9,0,105,3.8,0.4,3.5,0,7.7,1.5,0.2,3.1,0,4.8,139,56,32,0,227,0,0,0,0,0,
2024,14328,Pacific Gas & Electric Co.,CA,CISO,84445,82,117,0,84644,127.4,266.94,700.81,0,1095.15,16.99,38.55,113.09,0,168.63,7.3,23.94,77.05,0,108.29,0,3816,14071,0,17887,,,,,,214
2024,14354,PacifiCorp,ID,PACE,,,111,,111,,,,,,,,175,,175,,,121,,121,,,1578.463,,1578.463,,,448.183,,448.183,0
2024,14354,PacifiCorp,OR,PACW,,,159,,159,,,,,,,,11,,11,,,8.8,,8.8,,,358.532,,358.532,,,1243.627,,1243.627,0
2024,14354,PacifiCorp,UT,PACE,119238,,25,,119263,,,,,,294,,14,,308,294,,9.7,,303.7,3471.615,,6621.624,,10093.239,5058.697,,1789.337,,6848.034,0
2024,14398,Palmetto Electric Coop Inc,SC,SC,40464,59,5,,40528,186.004,0,0,0,186.004,36.54,8.74,2.25,0,47.53,25.58,7.175,2.125,,34.88,76.15,0,0,0,76.15,841.497,20.721,2.296,0,864.514,948
2024,14468,People's Cooperative Services,MN,MISO,2001,58,3,0,2062,0,0,0,0,0,6.559,2.813,0.349,0,9.721,3.104,1.331,0.165,0,4.6,347,10,13,0,370,173,5,6,0,184,0
2024,14624,PUD No 2 of Grant County,WA,GCPD,,8,,,8,,347.6,,,347.6,,35,,,35,,23.2,,,23.2,,53.889,,,53.889,,14.295,,,14.295,
2024,14717,Pee Dee Electric Member Corp,NC,CPLE,,82,,,82,,,,,,,4.468,,,4.468,,,,,,,,,,,,,,,,
2024,15023,Piedmont Electric Member Corp,NC,DUK,6788,77,,,6865,,,,,,5.95,0.1,,,6.05,5.95,0.1,,,6.05,135.675,1.996,,,137.671,187.83,2.13,,,189.96,
2024,15248,Portland General Electric Co,OR,PGE,192617,1140,,,193757,,,,,,81.72,72.96,,,154.68,,,,,,2391.369,3290.95,,,5682.319,1867.366,2470.03,,,4337.396,
2024,15270,Potomac Electric Power Co,DC,PJM,24416,0,,,24416,15,,,,15,20,,,,20,20,,,,20,888,,,,888,676,,,,676,
2024,15270,Potomac Electric Power Co,MD,PJM,223933,7179,,,231112,77,16,,,93,234.5,12.9,,,247.4,234.5,12.9,,,247.4,9837.2,4.2,,,9841.4,8210.1,969.4,,,9179.5,
2024,15344,Polk-Burnett Electric Coop,WI,MISO,7064,95,0,0,7159,0,0,0,0,0,36.14,0.125,0,0,36.265,9.116,0.032,0,0,9.148,0,0,0,0,0,94,1,0,0,95,64
2024,15466,Public Service Co of Colorado,CO,PSCO,206104,606,68,,206778,2651,18,0,,2669,296,39,195,,530,296,39,195,,530,8607.843,270.899,25283.566,,34162.308,8536.644,901.345,471.722,,9909.711,
2024,15470,"Duke Energy Indiana, LLC",IN,MISO,82001,3294,0,0,85295,0,0,0,0,0,95,229,0,0,324,0,0,0,0,0,1522,4505,0,0,6027,2979,1618,0,0,4597,
2024,15472,Public Service Co of NH,NH,ISNE,3265,29,,,3294,2.224,,,,2.224,,,,,,2.177,8.404,,,10.581,376.976,353.065,,,730.041,285.042,83.076,,,368.118,
2024,15473,Public Service Co of NM,NM,PNM,57580,9280,13,,66873,69,44.954,17.399,,131.353,37.39,17.984,8.636,,64.01,34.87,16.993,8.636,,60.499,,,,,,5354.932,2381.13,1222.65,,8958.712,
2024,15474,Public Service Co of Oklahoma,OK,SWPP,14000,228,0,0,14228,231,1092,0,0,1323,28,155.3,0,0,183.3,22,122.02,0,0,144.02,603,5180,0,0,5783,985,230,0,0,1215,
2024,15500,Puget Sound Energy Inc,WA,PSEI,601946,301,19,,602266,1758.5,27.9,40.2,,1826.6,53,4.1,9.2,,66.3,52.9,3.4,9.1,,65.4,3606,171,385,,4162,5178,401,899,,6478,
2024,15671,Randolph Electric Member Corp,NC,CPLE,,257,,,257,,,,,,,16,,,16,,10,,,10,,486,,,486,,,,,,
2024,15700,Rayle Electric Membership Corp,GA,SOCO,,,2,,2,,,,,,,,3,,3,,,1.5,,1.5,,,,,,,,,,,
2024,15748,Town of Reading - (MA),MA,ISNE,19,,,,19,,,,,,3.4,,,,3.4,0.88,,,,0.88,21.01,,,,21.01,30.75,,,,30.75,
2024,16060,Riverland Energy Cooperative,WI,MISO,6691,222,13,0,6926,0,0,0,0,0,3.263,7.729,1.3,0,12.292,1.61,3.813,0.641,0,6.064,843,28,92,0,963,63,2,7,0,72,15
2024,16101,Roanoke Electric Member Corp,NC,PJM,1377,,,,1377,0,,,,0,2.812,,,,2.812,2.427,,,,2.427,59.96,,,,59.96,,,,,,0
2024,16181,Rochester Public Utilities,MN,MISO,9389,116,1,0,9506,62.3,162.7,51,0,276,4.3,3.2,1,0,8.5,,,,0,0,184,129,191,0,504,66,62,21,0,149,
2024,16183,Rochester Gas & Electric Corp,NY,NYIS,15326,54,3,,15383,172,118,15,,305,18.4,6.3,0.8,,25.5,16.5,4.8,0.2,,21.5,416,177,22,,615,708,53,6,,767,
2024,16195,City of Rock Hill - (SC),SC,DUK,2637,105,,,2742,,,,,,4.732,0.188,,,4.92,1.677,0.066,,,1.743,0.6,,,,0.6,54.7,2.225,,,56.925,
2024,16213,Rockland Electric Co,NJ,PJM,2031,0,0,0,2031,3.833,0,0,0,3.833,2.031,0,0,0,2.031,2.031,0,0,0,2.031,71,0,0,0,71,321,0,0,0,321,
2024,16295,City of Roseville - (CA),CA,BANC,3580,,,,3580,0,,,,0,2.062,,,,2.062,0,,,,0,35.73,,,,35.73,10.3,,,,10.3,
2024,16496,Rutherford Elec Member Corp,NC,DUK,7372,,,,7372,0,,,,0,3,,,,3,0,,,,0,155.318,,,,155.318,,,,,,
2024,16534,Sacramento Municipal Util Dist,CA,BANC,107055,35,1,0,107091,,461.18,63.147,,524.327,80.99,27.7,7.8,,116.49,,21.03,7.8,,28.83,961.6,1269.9,234.332,,2465.832,1753,971.1,,,2724.1,0
2024,16572,Salt River Project,AZ,SRP,67557,759,1,,68317,1403,550,,,1953,165,76,11,,252,150,62,,,212,2266,3856,,,6122,3239,1210,,,4449,
2024,16604,City of San Antonio - (TX),TX,ERCO,505044,1029,,,506073,80607,3583,,,84190,93,74,,,167,93,74,,,167,6879,4724,,,11603,502,216,,,718,
2024,16609,San Diego Gas & Electric Co,CA,CISO,67655,18293,98,0,86046,19.31,24.2,7.23,0,50.74,1.62,0.86,8.56,0,11.04,0,0,0,0,0,521.3,560.3,139.7,0,1221.3,2090.9,7364.2,1998,0,11453.1,
2024,16627,San Patricio Electric Coop Inc,TX,ERCO,,,22,,22,,,,,,,,19.53,,19.53,,,5.308,,5.308,,,801.947,,801.947,,,,,,
2024,16674,Satilla Rural Elec Member Corporation,GA,SOCO,1001,37,,,1038,10.4,1440,,,1450.4,9.7,34.5,,,44.2,4.7,27.5,,,32.2,,,,,,44,45,,,89,
2024,16740,Scenic Rivers Energy Coop,WI,MISO,4674,435,7,0,5116,0,0,0,0,0,5.883,0.375,0.999,0,7.257,1.74,0.111,0.295,0,2.146,274,26,41,0,341,166,15,25,0,206,0
2024,16805,SEMO Electric Cooperative,MO,AECI,,358,,,358,,545.2,,,545.2,,2.8,,,2.8,,0.8,,,0.8,,,,,,,25.8,,,25.8,
2024,16865,Sawnee Electric Membership Corporation,GA,SOCO,66214,613,0,0,66827,313.74,652.05,0,0,965.79,161.39,9.97,0,0,171.36,56.49,3.49,0,0,59.98,884.738,169.878,,,1054.616,623.485,119.714,,,743.199,
2024,17040,"Shelby Electric Coop, Inc - (IL)",IL,MISO,991,42,,,1033,,,,,,6.85,7.3,,,14.15,3.55,4,,,7.55,,,,,,0.3,0.3,,,0.6,
2024,17066,Shenandoah Valley Elec Coop,VA,PJM,6623,0,0,0,6623,195.14,0,0,0,195.14,40.93,0,0,0,40.93,34.307,0,0,0,34.307,0,0,0,0,0,324.6,0,0,0,324.6,
2024,17127,Town of Shrewsbury - (MA),MA,ISNE,445,,,,445,15.8,,,,15.8,9.9,,,,9.9,,,,,,17,,,,17,29,,,,29,
2024,17166,Sierra Pacific Power Co,NV,NEVP,11482,385,,,11867,3503,543,,,4046,27.6,2.5,,,30.1,23.2,2.3,,,25.5,241,40,,,281,2459.9,568.7,,,3028.6,
2024,17539,"Dominion Energy South Carolina, Inc",SC,SCEG,,10,25,,35,,0,0,,0,,32,137,,169,,0,0,,0,,331,5871,,6202,,,,,,
2024,17543,South Carolina Public Service Authority,SC,SC,1427,0,19,0,1446,0,0,0,0,0,2.304,0,728.67,0,730.974,0.814,0,0,0,0.814,58.075,0,94000,0,94058.075,1110.761,0,0,0,1110.761,
2024,17548,South Central Public Pwr Dist,NE,SWPP,0,11,1149,0,1160,0,3528,0,0,3528,0,24,69.7,0,93.7,0,24,40,0,64,0,3484.96,3238.184,0,6723.144,0,10,187.004,0,197.004,
2024,17572,South River Elec Member Corp,NC,CPLE,2915,,,,2915,,,,,,59.03,,,,59.03,,,,,,,,,,,,,,,,
2024,17599,Southeastern Indiana R E M C,IN,MISO,1530,,,,1530,0.001,,,,0.001,0.112,,,,0.112,0.112,,,,0.112,17.701,,,,17.701,0,,,,0,45
2024,17609,Southern California Edison Co,CA,CISO,231140,6181,1560,0,238881,,,,,,169,89,389,0,647,134,43,191,0,368,24552,20813,56226,0,101591,3218,623,2017,0,5858,
2024,17633,Southern Indiana Gas & Elec Co,IN,MISO,35055,349,,,35404,9.25,0,,,9.25,13.272,0.075,,,13.347,5.163,0.075,,,5.238,263.338,14.531,,,277.869,521.67,3.33,,,525,
2024,17637,Southern Maryland Elec Coop Inc,MD,PJM,7089,0,0,0,7089,0,0,0,0,0,7.1,0,0,0,7.1,7.1,0,0,0,7.1,371.93,0,0,0,371.93,1655.97,0,0,0,1655.97,20
2024,17671,Southwest Arkansas E C C,AR,MISO,0,0,5,0,5,0,0,0.005,0,0.005,0,0,33.225,0,33.225,0,0,15.76,0,15.76,0,0,164.81,0,164.81,0,0,0,0,0,
2024,17684,Southwest Louisiana E M C,LA,MISO,,5,,,5,,18,,,18,,0.3,,,0.3,,0.3,,,0.3,,3.8,,,3.8,,,,,,
2024,17692,Southwest Public Power Dist,NE,SWPP,,,1211,,1211,,,1034.053,,1034.053,,,29.797,,29.797,,,20.554,,20.554,,,,,,,,95.769,,95.769,
2024,17698,Southwestern Electric Power Co,TX,SWPP,,8,,,8,,58,,,58,,7.2,,,7.2,,4.6,,,4.6,,135,,,135,,23,,,23,
2024,17718,Southwestern Public Service Co,TX,SWPP,6899,263,7,,7169,,1,2.816,,3.816,11,2,16,,29,11,2,16,,29,370,71,630,,1071,86,16,9,,111,
2024,17832,Snapping Shoals El Member Corp,GA,SOCO,105253,4440,49,,109742,,,,,,,,,,,,,,,,,,,,,,,,,,
2024,18087,Town of Sterling - (MA),MA,ISNE,,,,,,,,,,,,,,,,,,,,,,,,,,,,,,,
2024,18125,Stillwater Utilities Authority,OK,SWPP,,1,,,1,,719,,,719,,2,,,2,,1,,,1,,42.07,,,42.07,,,,,,
2024,18203,Tallapoosa River Elec Coop Inc,AL,SOCO,,,1,,1,,,0,,0,,,4.07,,4.07,,,0,,0,,,228.3,,228.3,,,0,,0,
2024,18280,Sulphur Springs Valley E C Inc,AZ,WALC,,799,,,799,,60.65,,,60.65,,90.831,,,90.831,,22.887,,,22.887,,0,,,0,,1,,,1,
2024,18304,"Sumter Electric Coop, Inc",FL,SEC,,,8,,8,,,71,,71,,,8,,8,,,7,,7,,,,,,,,484,,484,
2024,18445,City of Tallahassee - (FL),FL,TAL,,4,,,4,,,,,,,44.269,,,44.269,,,,,,,6165,,,6165,,,,,,
2024,18454,Tampa Electric Co,FL,TEC,1045,236,28,,1309,,10212,33154,,43366,1,106,135,,242,,,,,,79,7321,21850,,29250,1305,805,39,,2149,
2024,18488,City of Taunton,MA,ISNE,178,,,,178,27,,,,27,10,,,,10,1.246,,,,1.246,717.893,,,,717.893,0,,,,0,
2024,18642,Tennessee Valley Authority,AL,TVA,0,97,82,0,179,0,89,3771,0,3860,0,3,462,0,465,0,3,346,0,349,0,78,23282,0,23360,0,78,60,0,138,
2024,18642,Tennessee Valley Authority,GA,TVA,0,1,2,0,3,0,4,65,0,69,0,0,6,0,6,0,0,3,0,3,0,3,475,0,478,0,3,0,0,3,
2024,18642,Tennessee Valley Authority,KY,TVA,0,67,49,0,116,0,35,4724,0,4759,0,7,241,0,248,0,1,231,0,232,0,93,16763,0,16856,0,30,37,0,67,
2024,18642,Tennessee Valley Authority,MS,TVA,0,35,33,0,68,0,35,3518,0,3553,0,1,359,0,360,0,1,312,0,313,0,31,17616,0,17647,0,31,0,0,31,
2024,18642,Tennessee Valley Authority,NC,TVA,0,0,2,0,2,0,0,521,0,521,0,0,45,0,45,0,0,45,0,45,0,0,2087,0,2087,0,0,0,0,0,
2024,18642,Tennessee Valley Authority,TN,TVA,0,751,535,0,1286,0,644,6984,0,7628,0,37,954,0,991,0,25,595,0,620,0,1310,35073,0,36383,0,411,474,0,885,
2024,18642,Tennessee Valley Authority,VA,TVA,0,2,3,0,5,0,1,1,0,2,0,0,0,0,0,0,0,0,0,0,0,1,1,0,2,0,1,1,0,2,
2024,18997,The Toledo Edison Co,OH,PJM,0,0,4,0,4,0,0,0,0,0,0,0,193.228,0,193.228,0,0,193.228,0,193.228,0,0,11164.096,0,11164.096,0,0,0,0,0,
2024,19126,"TriEagle Energy, L.P.",TX,ERCO,2398,0,0,0,2398,4.42,0,0,0,4.42,24.64,0,0,0,24.64,2.76,0,0,0,2.76,,,,,,,,,,,
2024,19157,MiEnergy Cooperative,IA,MISO,2964,204,,,3168,,,,,,1.352,3.929,,,5.281,0.957,2.78,,,3.737,147.84,10.24,,,158.08,213.44,14.72,,,228.16,45
2024,19157,MiEnergy Cooperative,MN,MISO,6300,434,,,6734,,,,,,2.873,8.348,,,11.221,2.033,5.908,,,7.941,314.16,21.76,,,335.92,453.56,31.28,,,484.84,170
2024,19160,"Tri-County Electric Coop, Inc (OK)",OK,SWPP,,14,15,,29,,0,230,,230,,7.32,0.56,,7.88,,1.997,0.422,,2.419,,7.4,4.41,,11.81,,1.5,1.5,,3,
2024,19160,"Tri-County Electric Coop, Inc (OK)",TX,SWPP,,2,,,2,,0,,,0,,1.519,,,1.519,,1.445,,,1.445,,5.347,,,5.347,,1.5,,,1.5,
2024,19189,Trico Electric Cooperative Inc,AZ,WALC,23,3,,,26,12.4,2.8,,,15.2,3.2,0.1,,,3.3,1.73,0,,,1.73,,,,,,,,,,,
2024,19327,"TXU Energy Retail Co, LLC",TX,ERCO,4577,12,0,0,4589,8.3,0.01,0,0,8.31,21.1,0.08,0,0,21.18,4.62,0.02,0,0,4.64,,,,,,,,,,,
2024,19396,Tri-County Electric Coop (MI),MI,MISO,6124,,,,6124,0,,,,0,25.84,,,,25.84,10.98,,,,10.98,573.12,,,,573.12,0,,,,0,77
2024,19436,Union Electric Co - (MO),MO,MISO,50563,913,129,,51605,807.412,228.748,319.974,,1356.134,56.408,71.423,78.752,,206.583,,,,,,1840.9,1785.653,1968.522,,5595.075,6365.521,1583.343,1745.493,,9694.357,
2024,19446,Duke Energy Kentucky,KY,PJM,12481,9,,,12490,,,,,,14.373,9.108,,,23.481,,,,,,200.144,186.244,,,386.388,914.12,177.257,,,1091.377,
2024,19490,United Electric Coop Service Inc - (TX),TX,ERCO,53350,9459,52,0,62861,504.858,216.701,242.476,0,964.035,4.489,1.61,1.802,0,7.901,4.489,1.61,1.802,0,7.901,62.1,0,0,0,62.1,41.988,0,0,0,41.988,
2024,19497,United Illuminating Co,CT,ISNE,8021,60,11,0,8092,0,0,0,0,0,7.6,4.555,0.804,0,12.959,7.6,4.048,0.714,0,12.362,344.443,83.314,14.702,0,442.459,595.505,302.312,53.349,0,951.166,
2024,19499,"United Power, Inc",CO,WACM,3256,11,8,,3275,,,,,,17.3,32.55,58.8,,108.65,5.34,12.6,17.85,,35.79,75.15,,,,75.15,15.812,,,,15.812,
2024,19547,Hawaiian Electric Co Inc,HI,HECO,28871,229,0,0,29100,1555.629,919.02,0,0,2474.649,34.773,13.166,0,0,47.939,0,0,0,0,0,2581,1613,0,0,4194,929,392,0,0,1321,
2024,19728,"UNS Electric, Inc",AZ,TEPC,,29,,,29,,,,,,,4.559,,,4.559,,4.559,,,4.559,,,,,,,,,,,
2024,19790,Verendrye Electric Coop Inc,ND,MISO,3416,380,0,0,3796,,,,,,15.4,1.7,0,0,17.1,5.2,0.6,0,0,5.8,103,11.4,0,0,114.4,4.5,0.5,0,0,5,
2024,19798,City of Vernon,CA,CISO,,,1,,1,,,0,,0,,,21,,21,,,0,,0,,,4184.99,,4184.99,,,,,,
2024,19806,"Victoria Electric Coop, Inc",TX,ERCO,0,0,18,0,18,0,0,0,0,0,0,0,6.959,0,6.959,0,0,3.855,0,3.855,0,0,46.994,0,46.994,0,0,0,0,0,0
2024,19876,Virginia Electric & Power Co,NC,PJM,728,,,,728,0,,,,0,0.594,,,,0.594,0.54,,,,0.54,13.942,,,,13.942,28.402,,,,28.402,0
2024,19876,Virginia Electric & Power Co,VA,PJM,42403,21,,,42424,0,0,,,0,33.326,5.78,,,39.106,30.364,5.247,,,35.611,721.565,247.625,,,969.19,734.963,43.818,,,778.781,0
2024,19896,City of Volga - (SD),SD,SWPP,,,,,,,,,,,,,,,,,,,,,,,,,,,,,,,16
2024,19951,City of Wadsworth - (OH),OH,PJM,244,,,,244,2.8,,,,2.8,1,,,,1,1,,,,1,,,,,,,,,,,
2024,19981,Wake Electric Membership Corp,NC,CPLE,,4,1,,5,,0.018,0.542,,0.56,,0.569,7.28,,7.849,,0.569,7.28,,7.849,,0.001,0.001,,0.002,,0.001,0.001,,0.002,
2024,20401,West River Electric Assn Inc,SD,SWPP,5483,,,,5483,,,,,,53.223,,,,53.223,37.41,,,,37.41,36,,,,36,57,,,,57,182
2024,20404,AEP Texas North Company,TX,ERCO,,75,,,75,,1,,,1,,1.2,,,1.2,,1.2,,,1.2,,38,,,38,,7,,,7,
2024,20472,"Wharton County Elec Coop, Inc",TX,ERCO,881,31,10,,922,,,,,,2.95,5.19,21.32,,29.46,2.95,2.357,11.15,,16.457,134.99,89.99,,,224.98,250.29,166.86,,,417.15,
2024,20477,City of Westerville - (OH),OH,PJM,1195,,,,1195,13.272,,,,13.272,1.33,,,,1.33,1.076,,,,1.076,8.2,,,,8.2,25.2,,,,25.2,
2024,20521,Wheeling Power Co,WV,PJM,111,,,,111,1,,,,1,0.1,,,,0.1,,,,,,7,,,,7,10,,,,10,
2024,20603,Northeastern Rural E M C,IN,PJM,1622,,,,1622,0,,,,0,2.556,,,,2.556,1.386,,,,1.386,101.05,,,,101.05,74.337,,,,74.337,
2024,20639,"Wild Rice Electric Coop, Inc",MN,MISO,6556,149,1,,6706,1009.298,70.261,32.729,,1112.288,117.947,8.215,3.822,,129.984,31.979,2.227,1.036,,35.242,2320.74,260.598,140.985,,2722.323,133.183,9.303,4.726,,147.212,
2024,20841,"Wiregrass Electric Coop, Inc",AL,SOCO,277,,,,277,,,,,,0.377,,,,0.377,,,,,,,,,,,,,,,,
2024,20847,Wisconsin Electric Power Co,WI,MISO,,28,48,,76,,,,,,,29.06,402.932,,431.992,,,,,,,,,,,,,,,,
2024,20856,Wisconsin Power & Light Co,WI,MISO,10210,,117,,10327,196.234,,0,,196.234,16.836,,132.826,,149.662,,,,,,441.5,,7922.855,,8364.355,864.986,,0,,864.986,
2024,20963,Woodruff Electric Coop Corp,AR,MISO,336,,3677,,4013,,,,,,1.5,,90,,91.5,0.49,,53.2,,53.69,9.652,,5600,,5609.652,1.24,,89,,90.24,
2024,21002,York Electric Coop Inc,SC,DUK,5948,,,,5948,,,,,,25,,,,25,6.2,,,,6.2,146,,,,146,1615,,,,1615,
2024,21013,City of Worthington - (MN),MN,MISO,2364,,,,2364,,,,,,7.092,,,,7.092,2.364,,,,2.364,0,,,,0,0,,,,0,
2024,21111,Perennial Public Power Dist,NE,SWPP,,,1546,,1546,,,25.699,,25.699,,,0.062,,0.062,,,0.062,,0.062,,,,,,,,,,,
2024,21244,"Southside Electric Coop, Inc",VA,PJM,1271,,,,1271,2.637,,,,2.637,2.693,,,,2.693,2.637,,,,2.637,,,,,,13.298,,,,13.298,
2024,21554,Seminole Electric Cooperative Inc,FL,SEC,8307,,6,,8313,307.4,,,,307.4,15.1,,,,15.1,7.9,,,,7.9,186.3,,,,186.3,224.4,,,,224.4,
2024,21632,EnergyUnited Elec Member Corp,NC,DUK,11000,150,5,,11155,320,260,140,,720,9,8,4,,21,9,7,3,,19,,,,,,,,,,,
2024,22053,Kentucky Power Co,KY,PJM,0,0,4,0,4,0,0,0,0,0,0,0,3.4,0,3.4,0,0,0,0,0,0,0,0,0,0,0,0,0,0,0,0
2024,22500,"Evergy Kansas Central, Inc",KS,SWPP,24433,785,1,,25219,213.954,,,,213.954,9.044,6.664,,,15.708,8.987,5.236,,,14.223,370.19,240.25,,,610.44,410.76,340.83,,,751.59,
2024,24211,Tucson Electric Power Co,AZ,TEPC,14888,16,,,14904,96,2,,,98,29.09,1.03,,,30.12,29.09,1.03,,,30.12,1039,97,,,1136,1364,13,,,1377,
2024,24590,Unitil Energy Systems,NH,ISNE,690,20,,,710,0,0,,,0,0.53,2.72,,,3.25,0.53,2.72,,,3.25,30.315,80.652,,,110.967,46.631,27.532,,,74.163,
2024,24949,Cass County Elec Coop Inc,ND,MISO,8342,416,467,0,9225,7467.2,2602.5,1042.5,0,11112.2,266.1,128.4,51.4,0,445.9,71.8,34.7,13.9,0,120.4,66.05,0,0,0,66.05,549.5,27.4,31,0,607.9,53
2024,30518,Electrical Dist No3 Pinal County,AZ,AZPS,247,,,,247,7.666,,,,7.666,1,,,,1,0.274,,,,0.274,12.35,,,,12.35,,,,,,
2024,40051,Texas-New Mexico Power Co,TX,ERCO,,144,,,144,,9.879,,,9.879,,11.497,,,11.497,,9.879,,,9.879,,295.19,,,295.19,,49.939,,,49.939,
2024,40165,"Dixie Escalante R E A, Inc",UT,PACE,,244,,,244,,434.4,,,434.4,,28.112,,,28.112,,14.05,,,14.05,,678.671,,,678.671,,65.34,,,65.34,
2024,40211,"Wabash Valley Power Assn, Inc",IL,MISO,2007,,1,,2008,,,,,,1.579,,0.031,,1.61,,,,,,142.14,,2.44,,144.58,33.06,,0.16,,33.22,
2024,40211,"Wabash Valley Power Assn, Inc",IN,PJM,,,96,,96,,,,,,,,7.384,,7.384,,,6.1,,6.1,,,494.41,,494.41,,,22.92,,22.92,
2024,40211,"Wabash Valley Power Assn, Inc",IN,MISO,14760,9,790,,15559,,,,,,7.8,3.5,41.8,,53.1,1.4,3.5,21.5,,26.4,665.63,251.11,3223.31,,4140.05,102.19,0.37,6.12,,108.68,
2024,40211,"Wabash Valley Power Assn, Inc",MO,MISO,126,1,,,127,,,,,,0.1,0.1,,,0.2,,0.1,,,0.1,12.52,,,,12.52,24.36,,,,24.36,
2024,40212,Colquitt Electric Membership Corp,GA,SOCO,,5,2308,,2313,,3.751,991.541,,995.292,,0.398,89.332,,89.73,,0.398,89.2,,89.598,,,,,,,9,78,,87,
2024,40228,Rappahannock Electric Coop,VA,PJM,10383,41,,,10424,113.8,0,,,113.8,21.2,0,,,21.2,21.2,0,,,21.2,142.859,,,,142.859,,,,,,
2024,44372,Oncor Electric Delivery Company LLC,TX,ERCO,83334,896,,,84230,192.778,280.208,,,472.986,64.259,93.403,,,157.662,64.259,93.403,,,157.662,2331.953,3499.534,,,5831.487,275.032,389.282,,,664.314,
2024,54913,NSTAR Electric Company,MA,ISNE,57427,464,,,57891,,,,,,50.42,31.57,,,81.99,50.42,31.57,,,81.99,4.123,3.892,,,8.015,3.209,1.188,,,4.397,
2024,55937,Entergy Texas Inc.,TX,MISO,1690,185,5,,1880,7.693,50.496,,,58.189,2.564,8.831,86.7,,98.095,2.564,8.831,,,11.395,397.462,287.132,,,684.594,12.849,30.493,,,43.342,
2024,57346,Efficiency Maine Trust,ME,ISNE,149,176,,,325,,,,,,0.009,15.04,,,15.049,0.009,11.492,,,11.501,4.85,402.214,,,407.064,3.737,309.929,,,313.666,
2024,58127,Cape Light Compact,MA,ISNE,2813,15,,,2828,,,,,,5.04,1.8,,,6.84,5.04,1.43,,,6.47,299.71,521.51,,,821.22,264.3,169.99,,,434.29,0
2024,59126,Sonoma Clean Power Authority,CA,CISO,11457,0,0,0,11457,102.97,0,0,0,102.97,4,0,0,0,4,2.5,0,0,0,2.5,297.301,0,0,0,297.301,402.685,0,0,0,402.685,0
2024,60631,Upper Michigan Energy Resources Corp.,MI,MISO,,,5,,5,,,,,,,,204,,204,,,,,,,,,,,,,,,,
2024,61131,Freepoint Energy Solutions LLC,PA,PJM,,1,,,1,,,,,,,1,,,1,,,,,,,,,,,,,,,,
2024,64195,Desert Community Energy,CA,CISO,887,,,,887,14.865,,,,14.865,,,,,,,,,,,,,,,,,,,,,
2024,66073,MPD Electric Cooperative,SC,SC,,2,6,,8,,,,,,,33.1,9.9,,43,,32.7,1.1,,33.8,,,,,,,,,,,
2024,66867,David Energy Supply LLC,NY,NYIS,,313,,,313,,33,,,33,,3.4,,,3.4,,2.024,,,2.024,,376.806,,,376.806,,0,,,0,
