data_year,utility_number,utility_name,short_form,state,ba_code,number_of_customers_enrolled_residential,number_of_customers_enrolled_commercial,number_of_customers_enrolled_industrial,number_of_customers_enrolled_transportation,number_of_customers_enrolled_total,types_of_program_time_of_use_pricing_residential,types_of_program_time_of_use_pricing_commercial,types_of_program_time_of_use_pricing_industrial,types_of_program_time_of_use_pricing_transportation,types_of_program_real_time_pricing_residential,types_of_program_real_time_pricing_commercial,types_of_program_real_time_pricing_industrial,types_of_program_real_time_pricing_transportation,types_of_program_variable_peak_pricing_residential,types_of_program_variable_peak_pricing_commercial,types_of_program_variable_peak_pricing_industrial,types_of_program_variable_peak_pricing_transportation,types_of_program_critical_peak_pricing_residential,types_of_program_critical_peak_pricing_commercial,types_of_program_critical_peak_pricing_industrial,types_of_program_critical_peak_pricing_transportation,types_of_program_critical_peak_rebate_residential,types_of_program_critical_peak_rebate_commercial,types_of_program_critical_peak_rebate_industrial,types_of_program_critical_peak_rebate_transportation
2024,55,City of Aberdeen - (MS),,MS,TVA,0,33,1,0,34,,Y,Y,,,,,,,,,,,,,,,,,
2024,84,A & N Electric Coop,,VA,PJM,3,5,0,0,8,Y,Y,,,,,,,,,,,,,,,,,,
2024,97,Adams Electric Coop,Y,IL,MISO,50,13,,,63,,,,,,,,,,,,,,,,,,,,
2024,108,Adams-Columbia Electric Coop,,WI,MISO,555,989,41,,1585,Y,Y,Y,,,,,,,,,,,Y,Y,,,,Y,
2024,162,Aiken Electric Coop Inc,,SC,SC,5,67,0,,72,Y,Y,,,,,,,,,,,,,,,,,,
2024,195,Alabama Power Co,,AL,SOCO,4650,4479,1075,,10204,Y,Y,Y,,,,Y,,,,,,Y,,,,,,,
2024,207,Alameda Municipal Power,,CA,CISO,1046,,,,1046,Y,,,,,,,,,,,,,,,,,,,
2024,213,Alaska Electric Light & Power Co.,,AK,NA,41,6,,,47,Y,Y,,,,,,,,,,,,,,,,,,
2024,240,Albemarle Electric Member Corp,,NC,PJM,52,8,,,60,Y,Y,,,,,,,,,,,,,,,,,,
2024,241,Albertville Municipal Utilities Board,,AL,TVA,0,0,3,0,3,,,Y,,,,,,,,,,,,,,,,,
2024,276,Alcorn County Elec Power Assn,,MS,TVA,0,2,5,0,7,,Y,Y,,,,,,,,,,,,,,,,,
2024,307,Algoma Utility Comm,,WI,MISO,3,28,1,0,32,Y,Y,Y,,,,,,,,,,,,,,,,,
2024,407,Altamaha Electric Member Corp,,GA,SOCO,,,231,,231,,,Y,,,,,,,,,,,,,,,,,
2024,540,BP Energy Company,,TX,ERCO,,,1,,1,,,,,,,Y,,,,,,,,,,,,,
2024,554,City of Ames - (IA),,IA,MISO,,,1,,1,,,Y,,,,,,,,,,,,,,,,,
2024,571,City of Amory,,MS,TVA,0,0,1,0,1,,,Y,,,,,,,,,,,,,,,,,
2024,590,City of Anaheim - (CA),,CA,CISO,3750,100,41,,3891,Y,Y,Y,Y,,,,,,,,,,,,,,,,
2024,636,City of Anderson - (IN),,IN,PJM,,,1,,1,,,Y,,,,,,,,,,,,,,,,,
2024,689,Connexus Energy,,MN,MISO,16457,156,19,,16632,Y,Y,Y,,,,,,,,,,,Y,Y,,Y,,,
2024,719,Town of Apex- (NC),,NC,CPLE,84,161,,,245,Y,Y,,,,,,,,,,,,,,,,,,
2024,727,Appalachian Electric Coop,,TN,TVA,0,2,1,0,3,,Y,Y,,,,,,,,,,,,,,,,,
2024,733,Appalachian Power Co,,VA,PJM,1447,537,17,,2001,Y,Y,Y,,,,,,,,,,,,,,,,,
2024,733,Appalachian Power Co,,WV,PJM,382,740,5,,1127,Y,Y,Y,,,,,,,,,,,,,,,,,
2024,750,Arab Electric Coop Inc,,AL,TVA,0,1,1,0,2,,Y,Y,,,,,,,,,,,,,,,,,
2024,803,Arizona Public Service Co,,AZ,AZPS,772896,1053,21,0,773970,Y,Y,Y,,,,,,,,,,Y,,,,Y,,,
2024,814,Entergy Arkansas LLC,,AR,MISO,108,354,99,,561,Y,Y,Y,,,,,,,,,,,,,,,,,
2024,887,"Arrowhead Electric Coop, Inc",Y,MN,MISO,,2,,,2,,,,,,,,,,,,,,,,,,,,
2024,944,City of Athens - (AL),,AL,TVA,0,5,5,0,10,,Y,Y,,,,,,,,,,,,,,,,,
2024,947,Athens Utility Board,,TN,TVA,0,1,6,0,7,,Y,Y,,,,,,,,,,,,,,,,,
2024,1009,City of Austin - (MN),,MN,MISO,,9,,,9,,Y,,,,,,,,,,,,,,,,,,
2024,1015,Austin Energy,,TX,ERCO,66,8,6,0,80,Y,Y,Y,,,,,,,,,,,,,,,,,
2024,1050,City of Azusa,,CA,CISO,573,5,27,,605,Y,Y,Y,,,,,,,,,,,,,,,,,
2024,1167,Baltimore Gas & Electric Co,,MD,PJM,1171615,,,,1171615,,,,,,,,,,,,,,,,,Y,Y,Y,Y
2024,1175,"Bandera Electric Coop, Inc",,TX,ERCO,1611,,,,1611,Y,,,,,,,,,,,,,,,,,,,
2024,1181,Village of Bangor - (WI),Y,WI,MISO,1,,,,1,,,,,,,,,,,,,,,,,,,,
2024,1251,Barron Electric Coop,,WI,MISO,1,5,7,0,13,Y,Y,Y,,,,,,,,,,,,,,,,,
2024,1278,City of Barron - (WI),Y,WI,MISO,3,0,1,0,4,,,,,,,,,,,,,,,,,,,,
2024,1283,Bartholomew County Rural E M C,,IN,MISO,282,0,9,0,291,Y,,Y,,,,,,,,,,,,,,,,,
2024,1366,City of Bay City - (MI),,MI,MISO,40,19,9,0,68,Y,Y,Y,,,,,,,,,,,,,,,,,
2024,1417,"Beartooth Electric Coop, Inc",Y,MT,NWMT,5921,535,1,,6457,,,,,,,,,,,,,,,,,,,,
2024,1417,"Beartooth Electric Coop, Inc",Y,WY,NWMT,469,88,,,557,,,,,,,,,,,,,,,,,,,,
2024,1522,Village of Belmont - (WI),Y,WI,MISO,,,9,,9,,,,,,,,,,,,,,,,,,,,
2024,1523,Town of Belmont - (MA),Y,MA,ISNE,269,,,,269,,,,,,,,,,,,,,,,,,,,
2024,1529,"Beltrami Electric Coop, Inc",,MN,MISO,0,20,0,0,20,,,,,,,,,,,,,,Y,,,,,,
2024,1578,Benton County,,TN,TVA,0,1815,1,0,1816,,Y,Y,,,,,,,,,,,,,,,,,
2024,1582,City of Benton - (KY),,KY,TVA,0,1,0,0,1,,Y,,,,,,,,,,,,,,,,,,
2024,1591,"Big Country Electric Coop, Inc",,TX,ERCO,,,12,,12,,,Y,,,,,,,,,,,,,,,,,
2024,1613,Berkeley Electric Coop Inc,,SC,SC,302,152,2,,456,Y,Y,Y,,,,,,,,,,,,,,,,,
2024,1675,Big Horn Rural Electric Co,Y,WY,WACM,2,2,,,4,,,,,,,,,,,,,,,,,,,,
2024,1769,"Black Hills Electric Coop, Inc",,SD,SWPP,6149,1622,96,0,7867,Y,Y,Y,,,,,,,,,,,,,,,,,
2024,1776,City of Black River Falls,,WI,MISO,75,119,1,0,195,Y,Y,Y,,,,,,,,,,,,,,,,,
2024,1866,Bloomer Electric & Water Co,Y,WI,MISO,1,13,,,14,,,,,,,,,,,,,,,,,,,,
2024,1884,BENCO Electric Cooperative,,MN,MISO,49,1,1,,51,Y,Y,Y,,,,,,,,,,,,,,,,,
2024,1886,Blue Grass Energy Coop Corp,,KY,PJM,19,49,,,68,Y,Y,,,,,,,,,,,,,,,,,,
2024,1889,Blue Ridge Elec Member Corp - (NC),,NC,DUK,50,11,,,61,Y,Y,,,,,,,,,,,,,,,,,,
2024,1891,Blue Ridge Mountain EMC - (GA),,GA,TVA,0,1,0,0,1,,Y,,,,,,,,,,,,,,,,,,
2024,1891,Blue Ridge Mountain EMC - (GA),,NC,TVA,0,0,1,0,1,,,Y,,,,,,,,,,,,,,,,,
2024,1997,City of Boscobel - (WI),,WI,MISO,0,7,1,0,8,,Y,Y,,,,,,,,,,,,,,,,,
2024,2001,Boone Electric Coop,,MO,AECI,256,2,1,,259,Y,,,,,,,,,,,,,Y,Y,,,,,
2024,2008,City of Boulder City - (NV),,NV,WALC,0,2,0,0,2,,Y,,,,,,,,,,,,,,,,,,
2024,2056,City of Bowling Green - (KY),,KY,TVA,0,4,2,0,6,,Y,Y,,,,,,,,,,,,,,,,,
2024,2192,Bremen Electric Light & Power Co,Y,IN,MISO,,,1,,1,,,,,,,,,,,,,,,,,,,,
2024,2212,"Broad River Electric Coop, Inc",,NC,DUK,482,,,,482,,,,,,,,,Y,,,,,,,,,,,
2024,2247,City of Bristol - (TN),,TN,TVA,0,0,4,0,4,,,Y,,,,,,,,,,,,,,,,,
2024,2248,Bristol Virginia Utilities,,VA,TVA,0,1,1,0,2,,Y,Y,,,,,,,,,,,,,,,,,
2024,2273,Brodhead Water & Lighting Comm,,WI,MISO,1,49,1,0,51,Y,Y,Y,,,,,,,,,,,,,,,,,
2024,2316,Brown County Rural Elec Assn,Y,MN,MISO,6,,,,6,,,,,,,,,,,,,,,,,,,,
2024,2411,City of Brownsville,,TN,TVA,0,2,3,0,5,,Y,Y,,,,,,,,,,,,,,,,,
2024,2439,City of Bryan - (OH),Y,OH,PJM,,4,7,,11,,,,,,,,,,,,,,,,,,,,
2024,2442,City of Bryan - (TX),,TX,ERCO,,28,2,,30,,Y,Y,,,,,,,,,,,,,,,,,
2024,2507,City of Burbank Water and Power,,CA,LDWP,570,5301,,,5871,Y,Y,,,,,,,,,,,,,,,,,,
2024,2548,City of Burlington Electric - (VT),,VT,ISNE,359,25,9,0,393,Y,Y,Y,,,,,,Y,Y,,,,,,,,,,
2024,2641,"Butler Rural El Coop Assn, Inc - (KS)",Y,KS,SWPP,6857,937,11,,7805,,,,,,,,,,,,,,,,,,,,
2024,2651,Butler Rural Electric Coop Inc - (OH),,OH,PJM,,2,6,,8,,,,,,,,,,,,,,,Y,,,Y,Y,
2024,2655,"Butte Electric Coop, Inc",Y,SD,WACM,16,2,,,18,,,,,,,,,,,,,,,,,,,,
2024,2830,Calpine Power America LLC,,ME,ISNE,,,1,,1,,,,,,,Y,,,,,,,,,,,,,
2024,2830,Calpine Power America LLC,,TX,ERCO,,,1,,1,,,,,,,Y,,,,,,,,,,,,,
2024,2849,Central Electric Power Assn - (MS),,MS,TVA,0,1,5,0,6,,Y,Y,,,,,,,,,,,,,,,,,
2024,2960,"Caney Fork Electric Coop, Inc",,TN,TVA,0,0,2,0,2,,,Y,,,,,,,,,,,,,,,,,
2024,2985,"Capital Electric Coop, Inc",,ND,SWPP,19530,2935,61,,22526,Y,,,,,,,,,,,,Y,Y,Y,,,,,
2024,2998,"Carbon Power & Light, Inc",Y,WY,WACM,454,65,,,519,,,,,,,,,,,,,,,,,,,,
2024,3046,Duke Energy Progress - (NC),,NC,CPLE,29622,21744,1294,0,52660,Y,Y,Y,,,Y,Y,,,,,,,,,,,,,
2024,3046,Duke Energy Progress - (NC),,SC,CPLE,1832,2915,239,0,4986,Y,Y,Y,,,Y,Y,,,,,,,,,,,,,
2024,3075,Carroll County - (TN),,TN,TVA,0,0,1,0,1,,,Y,,,,,,,,,,,,,,,,,
2024,3107,Carteret-Craven El Member Corp,,NC,CPLE,76,,,,76,Y,,,,,,,,,,,,,,,,,,,
2024,3108,City of Cartersville - (GA),,GA,SOCO,,,4,,4,,,Y,,,,,,,,,,,,,,,,,
2024,3208,Cedarburg Light & Water Comm,,WI,MISO,64,63,1,0,128,Y,Y,Y,,,,,,,,,,,,,,,,,
2024,3222,Central Alabama Electric Coop,,AL,SOCO,,,2,,2,,,,,,,,,,,,,,,Y,,,,,
2024,3226,"Central Rural Electric Cooperative, Inc",,OK,AECI,,2,,,2,,Y,,,,,,,,,,,,,,,,,,
2024,3245,"Central Florida Elec Coop, Inc",,FL,SEC,2,4,359,,365,Y,Y,Y,,,,,,,,,,,,,,,,,
2024,3248,Central Georgia El Member Corp,,GA,SOCO,5,,5,,10,Y,,,,,,Y,,,,,,,,,,,,,
2024,3249,Central Hudson Gas & Elec Corp,,NY,NYIS,1399,248,49,,1696,Y,,,,,Y,Y,,,,,,,,,,,,,
2024,3250,Central Electric Membership Corp. - (NC),,NC,CPLE,3,,,,3,Y,,,,,,,,,,,,,,,,,,,
2024,3265,Cleco Power LLC,,LA,MISO,3035,71,,,3106,Y,Y,,,,,,,,,,,,,,,,,,
2024,3266,Central Maine Power Co,,ME,ISNE,4961,876,150,0,5987,Y,Y,Y,,,,,,,,,,,,,,,,,
2024,3273,"Central New Mexico El Coop, Inc",,NM,PNM,2081,12,,,2093,Y,Y,,,,,,,,,,,,,,,,,,
2024,3293,Central Wisconsin Elec Coop,Y,WI,MISO,82,53,0,,135,,,,,,,,,,,,,,,,,,,,
2024,3329,Borough of Chambersburg,,PA,PJM,0,0,1,0,1,,,Y,,,,,,,,,,,,,,,,,
2024,3400,City of Chaska - (MN),,MN,MISO,41,0,,,41,Y,,,,,,,,,,,,,,,,,,,
2024,3408,City of Chattanooga - (TN),,GA,TVA,4,0,1,0,5,Y,,Y,,,,,,,,,,,,,,,,,
2024,3408,City of Chattanooga - (TN),,TN,TVA,89,26,57,0,172,Y,Y,Y,,,,,,,,,,,,,,,,,
2024,3413,PUD No 1 of Chelan County,,WA,CHPD,,,27,,27,,,Y,,,,Y,,,,,,,,,,,,,
2024,3426,Cherokee Electric Coop - (AL),,AL,TVA,0,0,1,0,1,,,Y,,,,,,,,,,,,,,,,,
2024,3498,Chippewa Valley Electric Coop,Y,WI,MISO,,35,12,,47,,,,,,,,,,,,,,,,,,,,
2024,3502,"Choctawhatche Elec Coop, Inc",,FL,SOCO,745,75,0,0,820,Y,Y,,,,,,,,Y,,,,,,,,,,
2024,3503,"Choptank Electric Cooperative, Inc",,MD,PJM,,5,3,,8,,Y,Y,,,,,,,,,,,,,,,,,
2024,3542,Duke Energy Ohio Inc,,OH,PJM,17,892,87,,996,Y,Y,Y,,,Y,Y,,,,,,,,,,,,,
2024,3701,Clark Electric Coop - (WI),Y,WI,MISO,198,,,,198,,,,,,,,,,,,,,,,,,,,
2024,3704,City of Clarksville - (TN),,TN,TVA,0,4,2,0,6,,Y,Y,,,,,,,,,,,,,,,,,
2024,3722,Clarke Electric Coop Inc - (IA),Y,IA,MISO,,2,,,2,,,,,,,,,,,,,,,,,,,,
2024,3731,Town of Clayton - (NC),Y,NC,CPLE,0,6,0,0,6,,,,,,,,,,,,,,,,,,,,
2024,3755,Cleveland Electric Illum Co,,OH,PJM,57,0,0,0,57,Y,,,,,,,,,,,,Y,,,,,,,
2024,3758,City of Cleveland - (TN),,TN,TVA,0,3,4,0,7,,Y,Y,,,,,,,,,,,,,,,,,
2024,3812,City of Clinton - (TN),,TN,TVA,0,0,10,0,10,,,Y,,,,,,,,,,,,,,,,,
2024,3814,City of Clintonville - (WI),Y,WI,MISO,6,3,13,,22,,,,,,,,,,,,,,,,,,,,
2024,3841,Coast Electric Power Assn - (MS),,MS,SOCO,28335,117,2,,28454,Y,Y,Y,,,,,,,,,,,,,,,,,
2024,3843,Coastal Electric Member Corp - (GA),,GA,SOCO,119,,,,119,Y,,,,,,,,,,,,,,,,,,,
2024,3855,Columbia Power System - (TN),,TN,TVA,0,4,1,0,5,,Y,Y,,,,,,,,,,,,,,,,,
2024,3915,Coldwater Board of Public Util,,MI,MISO,0,176,67,0,243,,Y,Y,,,,,,,,,,,,,,,,,
2024,3916,Cobb Electric Membership Corp,,GA,SOCO,2606,1723,,,4329,Y,Y,,,,,,,,,,,,,,,,,,
2024,3939,City of College Park - (GA),,GA,SOCO,,1,,,1,,,,,,Y,,,,,,,,,,,,,,
2024,3989,City of Colorado Springs - (CO),,CO,WACM,74,1818,163,,2055,Y,Y,Y,,,,,,,,,,,,,,,,,
2024,4003,City of Colton - (CA),,CA,CISO,,,64,,64,,,Y,,,,,,,,,,,,,,,,,
2024,4045,City of Columbia - (MO),,MO,MISO,,,6,,6,,,Y,,,,,,,,,,,,,,,,,
2024,4068,City of Columbus - (MS),,MS,TVA,0,0,1,0,1,,,Y,,,,,,,,,,,,,,,,,
2024,4073,City of Columbus - (WI),,WI,MISO,11,71,3,0,85,Y,Y,Y,,,,,,,,,,,,,,,,,
2024,4110,Commonwealth Edison Co,,IL,PJM,372067,9470,164,0,381701,,,,,Y,Y,Y,Y,,,,,,,,,Y,,,
2024,4147,Town of Concord - (MA),Y,MA,ISNE,68,0,0,0,68,,,,,,,,,,,,,,,,,,,,
2024,4176,Connecticut Light & Power Co,,CT,ISNE,584,2400,600,2,3586,Y,Y,Y,Y,,,,,Y,,,,,,,,,,,
2024,4254,Consumers Energy Co - (MI),,MI,MISO,1642369,5420,592,,1648381,Y,Y,Y,,,,Y,,,,,,Y,,Y,,Y,,,
2024,4294,City of Cookeville - (TN),,TN,TVA,0,1,1,0,2,,Y,Y,,,,,,,,,,,,,,,,,
2024,4295,Comanche County Elec Coop Assn,,TX,ERCO,,18,,,18,,,,,,Y,,,,,,,,,,,,,,
2024,4327,Coosa Valley Electric Coop Inc,,AL,SOCO,,,2,,2,,,Y,,,,,,,,,,,,Y,,,,,
2024,4362,Corn Belt Energy Corporation,,IL,MISO,423,2,,,425,Y,Y,,,,,,,,,,,,,,,,,,
2024,4390,City of Corona - (CA),,CA,CISO,,12,9,,21,,Y,Y,,,,,,,,,,,,,,,,,
2024,4430,"Covington Electric Coop, Inc",,AL,SOCO,,7,,,7,,Y,,,,,,,,,,,,,,,,,,
2024,4432,Coweta-Fayette El Member Corp,,GA,SOCO,115,0,,,115,Y,Y,,,,,,,,,,,,,,,,,,
2024,4433,City of Covington - (GA),,GA,SOCO,,33,1,,34,,Y,,,,,Y,,,,,,,,,,,,,
2024,4437,City of Covington - (TN),,TN,TVA,0,0,1,0,1,,,Y,,,,,,,,,,,,,,,,,
2024,4471,Craig-Botetourt Electric Coop,Y,VA,PJM,2,,,,2,,,,,,,,,,,,,,,,,,,,
2024,4538,Crisp County Power Comm,,GA,SOCO,,100,5,,105,,Y,Y,,,,Y,,,,,,,,,,,,,
2024,4577,Crow Wing Cooperative Power & Light Comp,,MN,MISO,68,1,,,69,Y,Y,,,,,,,,,,,,,,,,,,
2024,4604,City of Crystal Falls,,MI,MISO,1330,273,0,0,1603,Y,Y,,,,,,,,,,,,,,,,,,
2024,4607,City of Cuba City,,WI,MISO,0,3,0,0,3,,Y,,,,,,,,,,,,,,,,,,
2024,4618,"Cullman Electric Coop, Inc",,AL,TVA,0,1,7,0,8,,Y,Y,,,,,,,,,,,,,,,,,
2024,4622,"Cumberland Valley Electric, Inc.",,KY,PJM,8,,,,8,Y,,,,,,,,,,,,,,,,,,,
2024,4624,Cumberland Elec Member Corp,,TN,TVA,0,0,12,0,12,,,Y,,,,,,,,,,,,,,,,,
2024,4671,Custer Public Power District,,NE,SWPP,,41,,,41,,Y,,,,,,,,,,,,,,,,,,
2024,4675,Cuivre River Electric Coop Inc,,MO,AECI,0,7,0,0,7,,,,,,,,,,,,,,Y,,,,,,
2024,4704,"DS&O Electric Cooperative, Inc.",Y,KS,SWPP,7288,136,3,,7427,,,,,,,,,,,,,,,,,,,,
2024,4794,City of Danville - (VA),,VA,PJM,5,,,,5,Y,,,,,,,,,,,,,,,,,,,
2024,4848,Daviess Martin County R E M C,,IN,MISO,14,,,,14,Y,,,,,,,,,,,,,,,,,,,
2024,4920,City of Dayton - (TN),,TN,TVA,0,0,2,0,2,,,Y,,,,,,,,,,,,,,,,,
2024,4958,Decatur Utilities,,AL,TVA,0,1,6,0,7,,Y,Y,,,,,,,,,,,,,,,,,
2024,4960,Decatur County Rural E M C,,IN,MISO,1,,,,1,Y,,,,,,,,,,,,,,,,,,,
2024,5027,Delmarva Power,,DE,PJM,262638,16380,,,279018,,,,,,,,,,,,,,,,,Y,Y,,
2024,5027,Delmarva Power,,MD,PJM,129180,16,,,129196,,,,,,,,,,,,,,,,,Y,Y,,
2024,5063,City of Denton - (TX),,TX,ERCO,,1,1,,2,,,Y,,,Y,,,,,,,,,,,,,,
2024,5070,Delaware Electric Cooperative,,DE,PJM,6,1148,,,1154,Y,,,,,,,,,,,,,Y,,,,,,
2024,5078,"Denton County Elec Coop, Inc",,TX,ERCO,2409,332,76,,2817,Y,Y,Y,,,,,,,,,,,,,,,,,
2024,5086,Delta Montrose Electric Assn,,CO,WACM,1690,38,0,0,1728,Y,Y,,,,,,,,,,,,,,,,,,
2024,5109,DTE Electric Company,,MI,MISO,23062,26,0,0,23088,Y,Y,Y,,,,,,,,,,Y,Y,,,,,,
2024,5111,City of Detroit Lakes - (MN),Y,MN,MISO,,1,,,1,,,,,,,,,,,,,,,,,,,,
2024,5148,City of Dickson,,TN,TVA,0,0,2,0,2,,,Y,,,,,,,,,,,,,,,,,
2024,5325,City of Douglas,,GA,SOCO,,3,,,3,,Y,,,,Y,,,,,,,,,,,,,,
2024,5399,Duck River Elec Member Corp,,TN,TVA,0,1,4,0,5,,Y,Y,,,,,,,,,,,,,,,,,
2024,5416,"Duke Energy Carolinas, LLC",,NC,DUK,29622,21744,1294,,52660,Y,Y,Y,,,Y,Y,,,,,,,,,,,,,
2024,5416,"Duke Energy Carolinas, LLC",,SC,DUK,1832,2915,239,,4986,Y,Y,Y,,,Y,Y,,,,,,,,,,,,,
2024,5417,Dunn County Electric Coop,,WI,MISO,,,3,,3,,,Y,,,,,,,,,,,,,,,,,
2024,5438,"Duncan Valley Elec Coop, Inc",Y,AZ,WALC,,1,,,1,,,,,,,,,,,,,,,,,,,,
2024,5487,Duquesne Light Co,,PA,PJM,1182,141,21,,1344,Y,Y,,,,Y,Y,,,,,,,,,,,,,
2024,5509,City of Dyersburg,,TN,TVA,0,0,2,0,2,,,Y,,,,,,,,,,,,,,,,,
2024,5551,City of Eagle River - (WI),,WI,MISO,0,5,0,0,5,,Y,,,,,,,,,,,,,,,,,,
2024,5578,East Mississippi Elec Pwr Assn,,MS,TVA,3,91,0,0,94,Y,Y,,,,,,,,,,,,,,,,,,
2024,5582,City of East Point - (GA),,GA,SOCO,,1,,,1,,,,,,Y,,,,,,,,,,,,,,
2024,5605,Eastern Iowa Light & Power Coop,,IA,MISO,20749,3304,17,,24070,Y,Y,Y,,,,,,,,,,,,,,,,,
2024,5632,Eau Claire Electric Coop,Y,WI,MISO,10,12,10,0,32,,,,,,,,,,,,,,,,,,,,
2024,5661,City of Edmond - (OK),,OK,SWPP,,18,,,18,,Y,,,,,,,,,,,,,,,,,,
2024,5701,El Paso Electric Co,,NM,EPE,107,105,9,,221,Y,Y,Y,,,,,,,,,,,,,,,,,
2024,5701,El Paso Electric Co,,TX,EPE,154,707,43,,904,Y,Y,Y,,,,,,,,,,,,,,,,,
2024,5763,City of Elizabethton - (TN),,TN,TVA,0,1,0,0,1,,Y,,,,,,,,,,,,,,,,,,
2024,5773,City of Elk River,,MN,MISO,74,3,,,77,Y,Y,,,,,,,,,,,,,,,,,,
2024,5860,Empire District Electric Co,,MO,SWPP,141784,23928,187,,165899,Y,Y,Y,,,,,,,,,,,,,,,,,
2024,5862,"Empire Electric Assn, Inc",,CO,WACM,12899,2824,138,,15861,Y,Y,Y,,,,,,,,,,,,,,,,,
2024,5862,"Empire Electric Assn, Inc",,UT,WACM,946,352,5,,1303,Y,Y,Y,,,,,,,,,,,,,,,,,
2024,5961,Town of Erwin - (TN),,TN,TVA,0,0,2,0,2,,,Y,,,,,,,,,,,,,,,,,
2024,5964,"Escambia River Elec Coop, Inc",,FL,SOCO,,8,,,8,,Y,,,,,,,,,,,,,,,,,,
2024,5997,Town of Estes Park,Y,CO,PSCO,445,33,,,478,,,,,,,,,,,,,,,,,,,,
2024,6008,City of Etowah,,TN,TVA,0,0,1,0,1,,,Y,,,,,,,,,,,,,,,,,
2024,6043,City of Evansville,,WI,MISO,85,21,2,0,108,Y,Y,Y,,,,,,,,,,,,,,,,,
2024,6112,"Farmers Electric Coop, Inc - (IA)",Y,IA,MISO,,,1,,1,,,,,,,,,,,,,,,,,,,,
2024,6182,"Farmers Electric Coop, Inc - (TX)",,TX,ERCO,,,13,,13,,,,,,,Y,,,,,,,,,,,,,
2024,6234,City of Fayetteville,,TN,TVA,0,1,3,0,4,,Y,Y,,,,,,,,,,,,,,,,,
2024,6235,Fayetteville Public Works Commission,,NC,CPLE,75987,9426,22,0,85435,Y,Y,Y,,,,,,,,,,,,,,,,,
2024,6258,Federated Rural Electric Assn,,MN,MISO,1,0,0,0,1,Y,,,,,,,,,,,,,,,,,,,
2024,6374,Fitchburg Gas & Elec Light Co,,MA,ISNE,,2,30,,32,,Y,Y,,,,,,,,,,,,,,,,,
2024,6395,Flathead Electric Coop Inc,,MT,BPAT,63021,,97,,63118,Y,,Y,,,,,,,,,,,,,,,,,
2024,6411,Flint Electric Membership Corp,,GA,SOCO,206,267,,,473,Y,Y,,,,Y,,,,,,,,Y,,,,Y,,
2024,6422,City of Florence - (AL),,AL,TVA,0,0,3,0,3,,,Y,,,,,,,,,,,,,,,,,
2024,6424,Florence Utility Comm,,WI,MISO,0,3,0,0,3,,Y,,,,,,,,,,,,,,,,,,
2024,6431,"Flint Hills Rural E C A, Inc",Y,KS,SWPP,745,22,15,,782,,,,,,,,,,,,,,,,,,,,
2024,6442,Fleming-Mason Energy Coop Inc,,KY,PJM,24,,,,24,Y,,,,,,,,,,,,,,,,,,,
2024,6455,"Duke Energy Florida, LLC",,FL,FPC,1222,17448,413,0,19083,Y,Y,Y,,,,,,,,,,,,,,,,,
2024,6457,Florida Public Utilities Co,,FL,JEA,6,1,0,0,7,Y,Y,,,,,,,,,,,,,,,,,,
2024,6604,City of Fort Collins - (CO),,CO,PSCO,70656,,,,70656,Y,,,,,,,,,,,,,,,,,,,
2024,6608,Fort Loudoun Electric Coop,,TN,TVA,0,1,2,0,3,,Y,Y,,,,,,,,,,,,,,,,,
2024,6612,Fort Payne Improvement Authority,,AL,TVA,0,1,0,0,1,,Y,,,,,,,,,,,,,,,,,,
2024,6638,City of Fountain,,CO,PSCO,,63,,,63,,Y,,,,,,,,,,,,,,,,,,
2024,6640,Four County Elec Member Corp,,NC,CPLE,15,,,,15,Y,,,,,,,,,,,,,,,,,,,
2024,6641,4-County Electric Power Assn,,MS,TVA,0,1037,5,0,1042,,Y,Y,,,,,,,,,,,,,,,,,
2024,6709,Easley Combined Utility System,,SC,DUK,105,4,1,,110,Y,Y,Y,,,,,,,,,,,,,,,,,
2024,6711,Village of Frankfort - (NY),Y,NY,NYIS,1655,138,39,,1832,,,,,,,,,,,,,,,,,,,,
2024,6717,Franklin Electric Coop - (AL),,AL,TVA,0,1,3,0,4,,Y,Y,,,,,,,,,,,,,,,,,
2024,6718,City of Franklin - (KY),,KY,TVA,0,0,4,0,4,,,Y,,,,,,,,,,,,,,,,,
2024,6782,Freeborn Mower Electric Cooperative,,MN,MISO,2,29,10,0,41,Y,Y,Y,,,,,,,Y,Y,,,Y,Y,,,,,
2024,6909,Gainesville Regional Utilities,,FL,GVL,,26,,,26,,Y,,,,,,,,,,,,,,,,,,
2024,6923,City of Gallatin - (TN),,TN,TVA,0,1,2,0,3,,Y,Y,,,,,,,,,,,,,,,,,
2024,6957,"Garkane Energy Coop, Inc",,AZ,WALC,5,0,,,5,Y,Y,,,,,,,,,,,,,,,,,,
2024,6957,"Garkane Energy Coop, Inc",,UT,WACM,475,22,,,497,Y,Y,,,,,,,,,,,,,,,,,,
2024,7027,City of Gastonia - (NC),,NC,DUK,,51,15,,66,,Y,Y,,,,,,,,,,,Y,Y,,,,,
2024,7096,City of Geneva- (IL),,IL,PJM,,,5,,5,,,Y,,,,,,,,,,,,,,,,,
2024,7140,Georgia Power Co,,GA,SOCO,81343,13588,1701,1,96633,Y,Y,Y,Y,,Y,Y,Y,,,,,,,,,,,,
2024,7174,Gibson Electric Members Corp,,KY,TVA,0,86,0,0,86,,Y,,,,,,,,,,,,,,,,,,
2024,7174,Gibson Electric Members Corp,,TN,TVA,0,423,2,0,425,,Y,Y,,,,,,,,,,,,,,,,,
2024,7264,"Glades Electric Coop, Inc",,FL,SEC,2,2,18,,22,Y,Y,Y,,,,,,,,,,,,,,,,,
2024,7270,City of Glasgow - (KY),,KY,TVA,5644,1933,0,0,7577,Y,Y,,,,,,,,,,,,,,,,,,
2024,7279,"NextEra Energy Services, LLC",,DE,PJM,,1,,,1,,,,,,Y,,,,,,,,,,,,,,
2024,7279,"NextEra Energy Services, LLC",,IL,MISO,,7,,,7,,,,,,Y,,,,,,,,,,,,,,
2024,7279,"NextEra Energy Services, LLC",,NJ,PJM,,1,,,1,,,,,,Y,,,,,,,,,,,,,,
2024,7279,"NextEra Energy Services, LLC",,OH,PJM,,3,,,3,,,,,,Y,,,,,,,,,,,,,,
2024,7279,"NextEra Energy Services, LLC",,PA,PJM,,3,,,3,,,,,,Y,,,,,,,,,,,,,,
2024,7294,City of Glendale - (CA),,CA,LDWP,221,334,11,,566,Y,Y,Y,,,,,,,,,,,,,,,,,
2024,7483,City of Grand Haven - (MI),,MI,MISO,,17,33,,50,,Y,Y,,,,,,,,,,,,,,,,,
2024,7489,Grand Rapids Public Util Comm,Y,MN,MISO,3,6,0,0,9,,,,,,,,,,,,,,,,,,,,
2024,7490,Grand River Dam Authority,,OK,SWPP,,,1,,1,,,Y,,,,,,,,,,,,,,,,,
2024,7496,Town of Granite Falls - (NC),Y,NC,DUK,,7,2,,9,,,,,,,,,,,,,,,,,,,,
2024,7558,Grayson Rural Electric Coop Corp,,KY,PJM,,26,,,26,,Y,,,,,,,,,,,,,,,,,,
2024,7563,Grand Valley Power,,CO,PSCO,17268,1689,1,,18958,Y,Y,,,,,,,,,,,,,Y,,,,,
2024,7601,Green Mountain Power Corp,,VT,ISNE,7790,3687,74,,11551,Y,Y,Y,,,,,,,,,,Y,Y,Y,,,Y,Y,
2024,7625,City of Greeneville - (TN),,TN,TVA,0,2,7,0,9,,Y,Y,,,,,,,,,,,,,,,,,
2024,7634,City of Greenville - (TX),,TX,ERCO,0,88,,,88,,Y,,,,,,,,,,,,,,,,Y,,
2024,7715,Town of Groton - (MA),Y,MA,ISNE,4374,0,0,0,4374,,,,,,,,,,,,,,,,,,,,
2024,7752,Guadalupe Valley Elec Coop Inc,,TX,ERCO,28,,2,,30,Y,,,,,,Y,,,,,,,,,,,,,
2024,7787,Gunnison County Elec Assn.,Y,CO,WACM,115,4,,,119,,,,,,,,,,,,,,,,,,,,
2024,7826,City of Gunnison - (CO),Y,CO,WACM,19,,,,19,,,,,,,,,,,,,,,,,,,,
2024,7827,Guntersville Electric Board,,AL,TVA,0,0,1,0,1,,,Y,,,,,,,,,,,,,,,,,
2024,7977,City of Hamilton - (OH),,OH,PJM,0,0,1,0,1,,,,,,,,,,,,,,,,,,,Y,
2024,8000,NineStar Connect,,IN,MISO,17770,,,,17770,Y,,,,,,,,,,,,,,,,,,,
2024,8034,Hancock-Wood Electric Coop Inc,,OH,PJM,11231,2321,12,,13564,Y,Y,Y,,,,,,,,,,,,,,,,,
2024,8122,Harlan Municipal Utilities - (IA),Y,IA,MISO,2326,376,164,,2866,,,,,,,,,,,,,,,,,,,,
2024,8147,City of Harriman - (TN),,TN,TVA,0,0,1,0,1,,,Y,,,,,,,,,,,,,,,,,
2024,8179,Harrison County Rural E M C,,IN,MISO,210,,,,210,Y,,,,,,,,,,,,,,,,,,,
2024,8212,Hartford Electric,,WI,MISO,60,30,7,0,97,Y,Y,Y,,,,,,,,,,,,,,,,,
2024,8226,City of Hartselle,,AL,TVA,0,1,1,0,2,,Y,Y,,,,,,,,,,,,,,,,,
2024,8287,Hawaii Electric Light Co Inc,,HI,NA,6571,1169,1,,7741,Y,Y,Y,,,,,,,,,,,,,,,,,
2024,8319,Heartland Power Coop,,IA,MISO,8,55,10,,73,Y,Y,Y,,,,,,,,,,,,,,,,,
2024,8333,Haywood Electric Member Corp,,NC,DUK,35,23,1,,59,Y,Y,Y,,,,,,,,,,,,,,,,,
2024,8348,City of Healdsburg - (CA),Y,CA,CISO,132,11,0,0,143,,,,,,,,,,,,,,,,,,,,
2024,8366,Heber Light & Power Company,Y,UT,PACE,552,,,,552,,,,,,,,,,,,,,,,,,,,
2024,8447,Hendricks County Rural E M C,,IN,MISO,37638,1047,5,,38690,Y,Y,,,,,,,,,,,,,Y,,,,,
2024,8566,High Plains Power Inc,,WY,WACM,400,,,,400,Y,,,,,,,,,,,,,,,,,,,
2024,8570,Highline Electric Assn,,CO,WACM,7,,,,7,Y,,,,,,,,,,,,,,,,,,,
2024,8571,Town of High Point,,NC,DUK,0,185,17,0,202,,Y,Y,,,,,,,,,,,Y,Y,,,Y,Y,
2024,8574,"Jackson Electric Coop, Inc - (WI)",Y,WI,MISO,7740,193,13,,7946,,,,,,,,,,,,,,,,,,,,
2024,8699,Inland Power & Light Company,,WA,BPAT,,,164,,164,,,Y,,,,,,,,,,,,,,,,,
2024,8723,City of Holland,,MI,MISO,121,907,,,1028,Y,Y,,,,,,,,,,,,,,,,,,
2024,8764,"Holston Electric Coop, Inc",,TN,TVA,0,0,5,0,5,,,Y,,,,,,,,,,,,,,,,,
2024,8773,"Holy Cross Electric Assn, Inc",,CO,PSCO,62,30,,,92,Y,Y,,,,,,,,,,,,,,,,,,
2024,8846,City of Hopkinsville,,KY,TVA,0,1,3,0,4,,Y,Y,,,,,,,,,,,,,,,,,
2024,8911,Howard Electric Coop,Y,MO,AECI,3557,,,,3557,,,,,,,,,,,,,,,,,,,,
2024,9023,City of Humboldt,,TN,TVA,0,1,2,0,3,,Y,Y,,,,,,,,,,,,,,,,,
2024,9087,Town of Huntersville - (NC),,NC,DUK,,,2,,2,,,Y,,,,,,,,,,,,,,,,,
2024,9094,City of Huntsville - (AL),,AL,TVA,0,11,7,0,18,,Y,Y,,,,,,,,,,,,,,,,,
2024,9124,Hustisford Utilities,,WI,MISO,6,9,0,0,15,Y,Y,,,,,,,,,,,,,,,,,,
2024,9191,Idaho Power Co,,ID,IPCO,992,298,134,0,1424,Y,Y,Y,,,,,,,,,,,,,,,,,
2024,9191,Idaho Power Co,,OR,IPCO,5,9,6,0,20,Y,Y,Y,,,,,,,,,,,,,,,,,
2024,9209,Illinois Rural Electric Coop,Y,IL,PJM,,143,,,143,,,,,,,,,,,,,,,,,,,,
2024,9230,City of Independence - (IA),,IA,MISO,0,16,1,0,17,,Y,Y,,,,,,,,,,,,,,,,,
2024,9246,"Indian Electric Coop, Inc",,OK,SWPP,,1,,,1,,Y,,,,,,,,,,,,,,,,,,
2024,9273,AES Indiana,,IN,MISO,185,18,4,0,207,Y,Y,Y,,,,,,,,,,,,,,,,,
2024,9275,Indianola Municipal Utilities,Y,IA,MISO,25,,,,25,,,,,,,,,,,,,,,,,,,,
2024,9324,Indiana Michigan Power Co,,IN,PJM,14098,2184,46,0,16328,Y,Y,Y,,,,,,,,,,,,,,,,,
2024,9324,Indiana Michigan Power Co,,MI,PJM,5429,431,73,,5933,Y,Y,Y,,,,,,,,,,,,,,,,,
2024,9336,CORE Electric Cooperative,,CO,PSCO,99,569,12,,680,Y,Y,Y,,,,,,,,,,,,,,,,,
2024,9417,Interstate Power and Light Co,,IA,MISO,17217,4707,82,,22006,Y,Y,Y,,,,,,,,,,,,,,,,,
2024,9475,Itasca-Mantrap Co-op Electrical Assn,,MN,MISO,11,3,2,,16,Y,Y,Y,,,,,,,,,,,,,,,,,
2024,9576,Jackson County Rural E M C - (IN),,IN,MISO,26,1,,,27,Y,Y,,,,,,,,,,,,,,,,,,
2024,9601,Jackson Electric Member Corp - (GA),,GA,SOCO,1325,366,,,1691,Y,Y,,,,,,,,,,,,,,,,,,
2024,9612,City of Jackson - (TN),,TN,TVA,0,4,14,0,18,,Y,Y,,,,,,,,,,,,,,,,,
2024,9617,JEA,,FL,JEA,,224,8,,232,,Y,Y,,,,,,,,,,,,,,,,,
2024,9682,"Jefferson Davis Elec Coop, Inc",,LA,MISO,0,12,2,,14,,Y,Y,,,,,,,,,,,,,,,,,
2024,9690,Jefferson Utilities,,WI,MISO,0,21,1,0,22,,Y,Y,,,,,,,,,,,,,,,,,
2024,9699,"Jemez Mountains Elec Coop, Inc",,NM,WALC,245,30,,,275,Y,Y,,,,,,,,,,,,,,,,,,
2024,9726,Jersey Central Power & Lt Co,,NJ,PJM,13233,205,58,0,13496,Y,Y,Y,,Y,Y,Y,,,,,,,,,,,,,
2024,9739,Joe Wheeler Elec Member Corp,,AL,TVA,0,1,21,0,22,,Y,Y,,,,,,,,,,,,,,,,,
2024,9750,"Jo-Carroll Energy, Inc",,IL,MISO,,,13,,13,,,Y,,,,,,,,,,,,,,,,,
2024,9777,Johnson City - (TN),,TN,TVA,0,6,8,0,14,,Y,Y,,,,,,,,,,,,,,,,,
2024,9778,Johnson County Rural E M C,,IN,MISO,27538,439,3,,27980,Y,Y,Y,,,,,,,,,,,,,,,,Y,
2024,9936,Juneau Utility Comm,,WI,MISO,1,17,2,0,20,Y,Y,Y,,,,,,,,,,,,,,,,,
2024,9991,Kandiyohi Power Coop,Y,MN,MISO,3,0,0,0,3,,,,,,,,,,,,,,,,,,,,
2024,10000,Evergy Metro,,KS,SWPP,3904,14313,,,18217,Y,Y,,,,,,,,,,,,,,,,,,
2024,10000,Evergy Metro,,MO,SWPP,245547,8,,,245555,Y,Y,,,,Y,,,,,,,,,,,,,,
2024,10005,"Evergy Kansas South, Inc",,KS,SWPP,828,264,25,,1117,Y,Y,,,,,,,,,,,,,,,,Y,Y,
2024,10019,FreeState Electric Coop,,KS,SWPP,592,5,0,0,597,Y,Y,,,,,,,,,,,,,,,,,,
2024,10056,City of Kaukauna,,WI,MISO,51,122,13,0,186,Y,Y,Y,,,,,,,,,,,,,,,,,
2024,10171,Kentucky Utilities Co,,KY,LGEE,108,4591,797,,5496,Y,Y,Y,,,,,,,,,,,Y,Y,,,Y,Y,
2024,10171,Kentucky Utilities Co,,VA,LGEE,,181,20,,201,,Y,Y,,,,,,,,,,,Y,Y,,,Y,Y,
2024,10226,"Utility Board of the City of Key West, F",,FL,FMPP,13,3,,,16,Y,Y,,,,,,,,,,,,,,,,,,
2024,10243,City of Kiel - (WI),Y,WI,MISO,7,5,25,,37,,,,,,,,,,,,,,,,,,,,
2024,10331,Kingsport Power Co,,TN,PJM,41,7,,,48,Y,Y,,,,,,,,,,,,,,,,,,
2024,10345,City of Kinston - (NC),,NC,CPLE,7,44,,,51,Y,Y,,,,,,,,,,,,,,,,,,
2024,10376,Kissimmee Utility Authority,,FL,FMPP,0,47,0,0,47,,Y,,,,,,,,,,,,,,,,,,
2024,10378,"Kit Carson Electric Coop, Inc",,NM,PNM,522,75,,,597,Y,Y,,,,,,,,,,,,,,,,,,
2024,10393,PUD No 1 of Klickitat County,,WA,BPAT,,,78,,78,,,Y,,,,,,,,,,,,,,,,,
2024,10421,Knoxville Utilities Board,,TN,TVA,76,369,9,0,454,Y,Y,Y,,,,,,,,,,,,,,,,,
2024,10448,Kosciusko County Rural E M C,,IN,MISO,,,6,,6,,,Y,,,,,,,,,,,,,,,,,
2024,10539,"La Plata Electric Assn, Inc",,CO,WACM,4754,349,13,,5116,Y,Y,Y,Y,,,,,,,,,,,,,,,,
2024,10579,City of LaFollette,,TN,TVA,0,1,0,0,1,,Y,,,,,,,,,,,,,,,,,,
2024,10599,"Lake Region Electric Coop, Inc - (OK)",,OK,AECI,,3,1,,4,,Y,Y,,,,,,,,,,,,,,,,,
2024,10605,Lake Mills Light & Water,,WI,MISO,11,18,0,0,29,Y,Y,,,,,,,,,,,,,,,,,,
2024,10618,Lake Region Electric Cooperative - (MN),,MN,MISO,11,,,,11,Y,,,,,,,,,,,,Y,,,,,,,
2024,10623,City of Lakeland - (FL),,FL,FMPP,1736,86,1,,1823,Y,Y,Y,,,,,,,,,,,,,,,,,
2024,10702,Borough of Lansdale,Y,PA,PJM,,,1,,1,,,,,,,,,,,,,,,,,,,,
2024,10704,City of Lansing - (MI),,MI,MISO,82543,124,13,0,82680,Y,Y,Y,,,,,,,,,,,,,,,,,
2024,10768,"Laurens Electric Coop, Inc",,SC,DUK,5,48,,,53,Y,Y,,,,,,,,,,,,,,,,,,
2024,10770,City of Laurinburg - (NC),Y,NC,CPLE,15,0,0,0,15,,,,,,,,,,,,,,,,,,,,
2024,10799,City of Lawrenceburg,,TN,TVA,0,1,8,0,9,,Y,Y,,,,,,,,,,,,,,,,,
2024,10814,City of Le Sueur - (MN),Y,MN,MISO,,,11,,11,,,,,,,,,,,,,,,,,,,,
2024,10906,City of Lenoir - (TN),,TN,TVA,0,2,3,0,5,,Y,Y,,,,,,,,,,,,,,,,,
2024,10960,City of Lewisburg - (TN),,TN,TVA,0,0,3,0,3,,,Y,,,,,,,,,,,,,,,,,
2024,10962,Lewis County Rural E C A,Y,MO,AECI,,3,,,3,,,,,,,,,,,,,,,,,,,,
2024,10968,City of Lexington - (TN),,TN,TVA,0,1,1,0,2,,Y,Y,,,,,,,,,,,,,,,,,
2024,11018,Lincoln Electric System,,NE,SWPP,,7,,,7,,Y,,,,,,,,,,,,,,,,,,
2024,11053,Linn County REC,,IA,MISO,30323,4214,197,,34734,Y,Y,Y,,,,,,,,,,,,,,,,,
2024,11085,Town of Littleton - (MA),,MA,ISNE,,,49,,49,,,Y,,,,,,,,,,,,,,,,,
2024,11124,City of Lodi - (CA),,CA,CISO,,,23,,23,,,Y,,,,,,,,,,,,,,,,,
2024,11125,City of Lodi - (WI),,WI,MISO,14,8,0,0,22,Y,Y,,,,,,,,,,,,,,,,,,
2024,11171,Long Island Power Authority,,NY,NYIS,45895,860,,,46755,,,,,,,,,,,,,,,,,Y,Y,,
2024,11187,City of Longmont,,CO,PSCO,,,13,,13,,,,,,,,,,,,,,,Y,,,,,
2024,11200,"Lorain-Medina R E C, Inc",,OH,PJM,15234,1594,3,,16831,Y,Y,Y,,,,,,,,,,,,,,,,,
2024,11208,Los Angeles Department of Water & Power,,CA,LDWP,14400,22283,1258,,37941,Y,Y,Y,,,,,,,,,,,,,,,,,
2024,11222,Loudon Utilities Board,,TN,TVA,0,2,6,0,8,,Y,Y,,,,,,,,,,,,,,,,,
2024,11241,Entergy Louisiana LLC,,LA,MISO,,1,7,,8,,Y,Y,,,,,,,,,,,,,,,,,
2024,11247,Louisville Electric System,,MS,TVA,0,0,1,0,1,,,Y,,,,,,,,,,,,,,,,,
2024,11249,Louisville Gas & Electric Co,,KY,LGEE,140,2986,336,0,3462,Y,Y,Y,,,,,,,,,,,,Y,,,,Y,
2024,11251,Loup River Public Power Dist,,NE,SWPP,,,1,,1,,,Y,,,,Y,,,,,,,,,,,,,
2024,11268,City of Lowell - (MI),Y,MI,MISO,5,0,0,0,5,,,,,,,,,,,,,,,,,,,,
2024,11479,Madison Gas & Electric Co,,WI,MISO,769,4474,19,,5262,Y,Y,Y,,,,,,,,,,,,,,,,,
2024,11515,Town of Maiden - (NC),Y,NC,DUK,0,2,12,0,14,,,,,,,,,,,,,,,,,,,,
2024,11571,Manitowoc Public Utilities,,WI,MISO,5,14,79,,98,Y,Y,Y,,,,,,,,,,,,,,,,,
2024,11714,Marshall-De Kalb Electric Coop,,AL,TVA,0,3,0,0,3,,Y,,,,,,,,,,,,,,,,,,
2024,11732,City of Marshall - (MO),Y,MO,SWPP,10,,,,10,,,,,,,,,,,,,,,,,,,,
2024,11740,City of Marshfield - (WI),,WI,MISO,1,,54,,55,Y,,Y,,,,,,,,,,,,,,,,,
2024,11770,City of Martinsville - (VA),Y,VA,PJM,,2,,,2,,,,,,,,,,,,,,,,,,,,
2024,11788,Consumers Energy Coop - (IA),,IA,MISO,179,26,3,0,208,Y,Y,Y,,,,,,,,,,,,,,,,,
2024,11789,Maryville Utilities,,TN,TVA,0,0,3,0,3,,,Y,,,,,,,,,,,,,,,,,
2024,11811,Town of Massena - (NY),,NY,NYIS,,,1,,1,,,Y,,,,,,,,,,,,,,,,,
2024,11824,Matanuska Electric Assn Inc,,AK,NA,28,,,,28,Y,,,,,,,,,,,,,,,,,,,
2024,11843,Maui Electric Co Ltd,,HI,NA,1211,83,,,1294,Y,Y,,,,,,,,,,,,,,,,,,
2024,11871,City of Mayfield Plant Board,,KY,TVA,0,0,1,0,1,,,Y,,,,,,,,,,,,,,,,,
2024,11895,Village of Mazomanie - (WI),Y,WI,MISO,,,13,,13,,,,,,,,,,,,,,,,,,,,
2024,11910,McLeod Cooperative Power Assn,Y,MN,MISO,,,2,,2,,,,,,,,,,,,,,,,,,,,
2024,12199,Montana-Dakota Utilities Co,,MT,SWPP,0,0,4,0,4,,,Y,,,,,,,,,,,,,,,,,
2024,12199,Montana-Dakota Utilities Co,,ND,MISO,4,342,8,0,354,Y,Y,Y,,,,,,,,,,,,,,,,,
2024,12199,Montana-Dakota Utilities Co,,SD,MISO,0,24,0,0,24,,Y,,,,,,,,,,,,,,,,,,
2024,12199,Montana-Dakota Utilities Co,,WY,WACM,0,9,0,0,9,,Y,,,,,,,,,,,,,,,,,,
2024,12208,City of McPherson - (KS),,KS,SWPP,,16,2,,18,,Y,Y,,,,,,,,,,,,,,,,,
2024,12260,Mecklenburg Electric Cooperative,,VA,PJM,,32,1,,33,,Y,Y,,,,,,,,,,,,,,,,,
2024,12265,City of Medford - (WI),Y,WI,MISO,3,43,7,,53,,,,,,,,,,,,,,,,,,,,
2024,12293,City of Memphis - (TN),,TN,TVA,61,0,41,0,102,Y,Y,Y,Y,,,,,,,,,,,,,,,,
2024,12298,City of Menasha - (WI),,WI,MISO,40,123,8,0,171,Y,Y,Y,,,,,,,,,,,,,,,,,
2024,12330,Meriwether Lewis Electric Coop,,TN,TVA,0,1,2,0,3,,Y,Y,,,,,,,,,,,,,,,,,
2024,12341,MidAmerican Energy Co,,IA,MISO,101,1075,169,0,1345,Y,Y,Y,,,,,,,,,,,,,,,,,
2024,12341,MidAmerican Energy Co,,IL,MISO,9,201,45,0,255,Y,Y,Y,,,,,,,,,,,,,,,,,
2024,12341,MidAmerican Energy Co,,SD,MISO,0,25,1,0,26,,Y,Y,,,,,,,,,,,,,,,,,
2024,12377,Midwest Energy Cooperative - (MI),,MI,PJM,114,28,,,142,Y,Y,,,,,,,,,,,,,,,,,,
2024,12450,Midland Power Coop,,IA,MISO,,9,12,,21,,,,,,,,,,,,,,Y,Y,,,,,
2024,12470,Middle Tennessee E M C,,TN,TVA,334,6,16,0,356,Y,Y,Y,,,,,,,,,,,,,,,,,
2024,12515,"Midwest Electric, Inc - (OH)",,OH,PJM,0,25,2,0,27,,,,,,,,,,,,,,Y,Y,,,Y,Y,
2024,12532,City of Milan - (TN),,TN,TVA,0,0,1,0,1,,,Y,,,,,,,,,,,,,,,,,
2024,12539,Midwest Electric Member Corp - (NE),,NE,WACM,0,0,2186,0,2186,,,Y,,,,,,,,,,,,,,,,,
2024,12540,City of Milford - (DE),,DE,PJM,,,12,,12,,,Y,,,,,,,,,,,,,,,,,
2024,12546,Mille Lacs Energy Cooperative,,MN,MISO,,,23,,23,,,Y,,,,,,,,,,,,,,,,,
2024,12642,Maquoketa Valley Rrl Elec Coop,,IA,MISO,11051,6062,57,,17170,Y,Y,Y,,,,,,,,,,,,,,,,,
2024,12647,"ALLETE, Inc.",,MN,MISO,15596,,,,15596,Y,,,,,,,,,,,,,,,,,,,
2024,12651,Minnesota Valley Electric Coop,,MN,MISO,764,2,,,766,Y,Y,,,,,,,,,,,Y,,,,,,,
2024,12685,Entergy Mississippi LLC,,MS,MISO,,,83,,83,,,Y,,,,,,,,,,,,,,,,,
2024,12686,Mississippi Power Co,,MS,SOCO,,,4,,4,,,Y,,,,,,,,,,,,,,,,,
2024,12692,"Missoula Electric Coop, Inc",,ID,BPAT,46,21,,,67,Y,Y,,,,,,,,,,,,,,,,,,
2024,12692,"Missoula Electric Coop, Inc",,MT,BPAT,14685,1265,,,15950,Y,Y,,,,,,,,,,,,,,,,,,
2024,12698,Evergy Missouri West,,MO,SWPP,233540,10,,,233550,Y,Y,,,,,,,,,,,,,,,,,,
2024,12700,Missouri Rural Electric Coop,,MO,AECI,5049,,,,5049,Y,,,,,,,,,,,,,,,,,,,
2024,12745,Modesto Irrigation District,,CA,BANC,,11,139,,150,,Y,Y,,,Y,Y,,,Y,Y,,,Y,Y,,,Y,,
2024,12860,Morgan County Rural Elec Assn,,CO,WACM,18,,,,18,Y,,,,,,,,,,,,,,,,,,,
2024,12866,Moon Lake Electric Assn Inc,,UT,WACM,0,1,1,0,2,,Y,Y,,,,,,,,,,,,,,,,,
2024,12929,South Central Indiana REMC,,IN,MISO,9,,,,9,Y,,,,,,,,,,,,,,,,,,,
2024,12988,City of Morristown - (TN),,TN,TVA,0,0,7,0,7,,,Y,,,,,,,,,,,,,,,,,
2024,13027,"Mountain Electric Coop, Inc",,TN,TVA,0,0,2,0,2,,,Y,,,,,,,,,,,,,,,,,
2024,13036,Village of Mt. Horeb - (WI),,WI,MISO,37,11,0,0,48,Y,Y,,,,,,,,,,,,,,,,,,
2024,13039,City of Mt Pleasant - (TN),,TN,TVA,0,0,1,0,1,,,Y,,,,,,,,,,,,,,,,,
2024,13050,"Mountain Parks Electric, Inc",,CO,WACM,463,30,0,0,493,Y,Y,Y,,,,,,,Y,Y,,,Y,Y,,,,,
2024,13058,"Mountain View Elec Assn, Inc",,CO,WACM,90,0,,,90,Y,Y,,,,,,,,,,,,,,,,,,
2024,13138,City of Murray - (KY),,KY,TVA,0,2,1,0,3,,Y,Y,,,,,,,,,,,,,,,,,
2024,13144,City of Muscle Shoals,,AL,TVA,0,0,5,0,5,,,Y,,,,,,,,,,,,,,,,,
2024,13145,Village of Muscoda - (WI),,WI,MISO,0,9,3,0,12,,Y,Y,,,,,,,,,,,,,,,,,
2024,13216,Nashville Electric Service,,TN,TVA,0,25,22,0,47,,Y,Y,,,,,,,,,,,,,,,,,
2024,13227,Natchez Trace Elec Power Assn,,MS,TVA,0,1,0,0,1,,Y,,,,,,,,,,,,,,,,,,
2024,13318,"Navopache Electric Coop, Inc",,AZ,TEPC,6400,133,,,6533,Y,Y,,,,,,,,,,,,,,,,,,
2024,13337,Nebraska Public Power District,,NE,SWPP,267,25,17,0,309,Y,Y,Y,,,,,,,,,,,,,,,,,
2024,13374,"Constellation NewEnergy, Inc",,CA,CISO,0,5054,78,0,5132,,,,,,Y,Y,,,,,,,,,,,,,
2024,13374,"Constellation NewEnergy, Inc",,CT,ISNE,0,2979,168,0,3147,,,,,,Y,Y,,,,,,,,,,,,,
2024,13374,"Constellation NewEnergy, Inc",,DC,PJM,0,942,0,0,942,,,,,,Y,,,,,,,,,,,,,,
2024,13374,"Constellation NewEnergy, Inc",,DE,PJM,0,2168,8,0,2176,,,,,,Y,Y,,,,,,,,,,,,,
2024,13374,"Constellation NewEnergy, Inc",,IL,PJM,4,26941,233,0,27178,,Y,,,Y,Y,Y,,,,,,,,,,,,,
2024,13374,"Constellation NewEnergy, Inc",,MA,ISNE,0,14366,73,0,14439,,,,,,Y,Y,,,,,,,,,,,,,
2024,13374,"Constellation NewEnergy, Inc",,MD,PJM,0,15540,340,0,15880,,,,,,Y,Y,,,,,,,,,,,,,
2024,13374,"Constellation NewEnergy, Inc",,ME,ISNE,0,1456,22,0,1478,,,,,,Y,Y,,,,,,,,,,,,,
2024,13374,"Constellation NewEnergy, Inc",,MI,MISO,0,1969,175,0,2144,,,,,,Y,Y,,,,,,,,,,,,,
2024,13374,"Constellation NewEnergy, Inc",,NH,ISNE,0,4539,25,0,4564,,,,,,Y,Y,,,,,,,,,,,,,
2024,13374,"Constellation NewEnergy, Inc",,NJ,PJM,1977,20619,58,0,22654,,,,,Y,Y,Y,,,,,,,,,,,,,
2024,13374,"Constellation NewEnergy, Inc",,NY,NYIS,0,21850,691,0,22541,,,,,,Y,Y,,,,,,,,,,,,,
2024,13374,"Constellation NewEnergy, Inc",,OH,PJM,4,14467,356,0,14827,,,,,Y,Y,Y,,,,,,,,,,,,,
2024,13374,"Constellation NewEnergy, Inc",,OR,PGE,0,41,13,0,54,,,,,,Y,Y,,,,,,,,,,,,,
2024,13374,"Constellation NewEnergy, Inc",,PA,PJM,113,31093,263,0,31469,,,,,Y,Y,Y,,,,,,,,,,,,,
2024,13374,"Constellation NewEnergy, Inc",,RI,ISNE,0,3882,26,0,3908,,,,,,Y,Y,,,,,,,,,,,,,
2024,13374,"Constellation NewEnergy, Inc",,TX,ERCO,0,10663,126,0,10789,,,,,,Y,Y,,,,,,,,,,,,,
2024,13374,"Constellation NewEnergy, Inc",,VA,PJM,0,4,0,0,4,,,,,,Y,,,,,,,,,,,,,,
2024,13407,Nevada Power Co,,NV,NEVP,12351,3520,1554,,17425,Y,Y,Y,,,,,,,,,,Y,,,,,,,
2024,13412,City of New Albany - (MS),,MS,TVA,0,0,2,0,2,,,Y,,,,,,,,,,,,,,,,,
2024,13437,City of Newbern,,TN,TVA,0,0,2,0,2,,,Y,,,,,,,,,,,,,,,,,
2024,13438,Village of New Glarus - (WI),,WI,MISO,0,2,0,0,2,,Y,,,,,,,,,,,,,,,,,,
2024,13441,New Hampshire Elec Coop Inc,,NH,ISNE,176,219,0,0,395,Y,Y,,,,,,,,,,,,,,,,,,
2024,13448,City of New Holstein - (WI),,WI,MISO,23,30,0,0,53,Y,Y,,,,,,,,,,,,,,,,,,
2024,13467,New London Electric&Water Util,,WI,MISO,2,41,5,0,48,Y,Y,Y,,,,,,,,,,,,,,,,,
2024,13480,New Prague Utilities Comm,Y,MN,MISO,14,1,,,15,,,,,,,,,,,,,,,,,,,,
2024,13481,City of New Richmond,,WI,MISO,32,20,0,0,52,Y,Y,,,,,,,,,,,,,,,,,,
2024,13511,New York State Elec & Gas Corp,,NY,NYIS,125827,4363,402,,130592,Y,Y,Y,,,Y,Y,,,Y,Y,,,,,,,,,
2024,13550,City of Newport - (TN),,TN,TVA,0,0,3,0,3,,,Y,,,,,,,,,,,,,,,,,
2024,13561,City of Newton - (NC),Y,NC,DUK,,5,5,,10,,,,,,,,,,,,,,,,,,,,
2024,13573,Niagara Mohawk Power Corp.,,NY,NYIS,,421,38,,459,,,,,,Y,Y,,,,,,,,,,,,,
2024,13640,Northern Virginia Elec Coop,,VA,PJM,,24,,,24,,,,,,Y,,,,,,,,,,,,,,
2024,13647,Noble County R E M C,,IN,PJM,15,1,,,16,Y,Y,,,,,,,,,,,,,,,,,,
2024,13669,North Alabama Electric Coop,,AL,TVA,0,0,3,0,3,,,Y,,,,,,,,,,,,,,,,,
2024,13676,"North Arkansas Elec Coop, Inc",,AR,MISO,,27,,,27,,,,,,,,,,Y,,,,,,,,,,
2024,13684,Nobles Cooperative Electric,Y,MN,MISO,2,,,,2,,,,,,,,,,,,,,,,,,,,
2024,13685,"Niobrara Electric Assn, Inc",Y,NE,WACM,0,4,1,,5,,,,,,,,,,,,,,,,,,,,
2024,13685,"Niobrara Electric Assn, Inc",Y,WY,WACM,15,1,0,,16,,,,,,,,,,,,,,,,,,,,
2024,13693,"North Central Elec Coop, Inc - (OH)",,OH,PJM,8433,1270,42,,9745,Y,Y,Y,Y,,,,,,,,,,,,,,,,
2024,13697,North Central Power Co Inc,,WI,MISO,82,5,5,0,92,Y,Y,Y,Y,,,,,,,,,,,,,,,,
2024,13698,North Central Public Pwr Dist,Y,NE,SWPP,,1,,,1,,,,,,,,,,,,,,,,,,,,
2024,13716,North Georgia Elec Member Corp,,GA,TVA,0,56,28,0,84,,Y,Y,,,Y,,,,,,,,,,,,,,
2024,13718,City of North Little Rock - (AR),,AR,MISO,0,32,3,1,36,,Y,Y,Y,,,,,,,,,,,,,,,,
2024,13730,City of North St Paul - (MN),Y,MN,MISO,,1,,,1,,,,,,,,,,,,,,,,,,,,
2024,13735,Northcentral Mississippi E P A,,MS,TVA,8,3,5,0,16,Y,Y,Y,,,,,,,,,,,,,,,,,
2024,13739,Northeast Power,,NE,SWPP,29,,769,,798,Y,,Y,,,,,,,,,,,,Y,,,,,
2024,13762,"Northern Neck Elec Coop, Inc",,VA,PJM,4134,134,,,4268,Y,Y,,,,,,,,,,,,,,,,,,
2024,13777,Northern Rio Arriba E Coop Inc,Y,NM,PNM,398,39,3,,440,,,,,,,,,,,,,,,,,,,,
2024,13780,Northern States Power Co,,MI,MISO,148,29,2,,179,Y,Y,Y,,,,,,,,,,,,,,,,,
2024,13780,Northern States Power Co,,WI,MISO,6543,9468,116,,16127,Y,Y,Y,,,Y,Y,,,Y,Y,,,,,,,,,
2024,13781,Northern States Power Co - Minnesota,,MN,MISO,16042,16224,,1,32267,Y,Y,Y,Y,,Y,Y,,,,,,,,,,,,,
2024,13781,Northern States Power Co - Minnesota,,ND,MISO,43,815,20,,878,Y,Y,Y,,,Y,Y,,,,,,,,,,,,,
2024,13781,Northern States Power Co - Minnesota,,SD,MISO,27,657,10,,694,Y,Y,Y,,,,,,,,,,,,,,,,,
2024,13805,Northwest Rural Pub Pwr Dist,Y,NE,WACM,1462,,,,1462,,,,,,,,,,,,,,,,,,,,
2024,13815,Northwestern Wisconsin Elec Co,,WI,MISO,610,51,27,,688,Y,Y,Y,,,,,,,,,,,,,,,,,
2024,13933,City of Oak Ridge,,TN,TVA,0,1,1,0,2,,Y,Y,,,,,,,,,,,,,,,,,
2024,13936,Oakdale Electric Coop,,WI,MISO,0,142,55,0,197,,Y,Y,,,,,,,,,,,Y,,,,,,
2024,13963,Oconomowoc Utilities,,WI,MISO,91,214,4,0,309,Y,Y,Y,,,,,,,,,,,,,,,,,
2024,13965,Oconto Falls Water & Light Comm,,WI,MISO,7,11,0,0,18,Y,Y,,,,,,,,,,,,,,,,,,
2024,13998,Ohio Edison Co,,OH,PJM,75,0,0,0,75,Y,,,,,,,,,,,,,,,,,,,
2024,14006,Ohio Power Co,,OH,PJM,204,274,8,,486,Y,Y,Y,,,,,,,,,,,,,,,,,
2024,14062,Oklahoma Electric Coop Inc,,OK,SWPP,35585,4300,82,,39967,Y,Y,Y,,,,,,,,,,,,,,,,,
2024,14063,Oklahoma Gas & Electric Co,,AR,SWPP,6508,542,56,0,7106,Y,Y,Y,,,Y,Y,,Y,Y,Y,,,,,,,,,
2024,14063,Oklahoma Gas & Electric Co,,OK,SWPP,87484,11104,1213,0,99801,Y,Y,Y,,,Y,Y,,Y,Y,Y,,,,,,,,,
2024,14078,City of Okolona,,MS,TVA,0,152,0,0,152,,Y,,,,,,,,,,,,,,,,,,
2024,14127,Omaha Public Power District,,NE,SWPP,0,107,6,0,113,,Y,Y,,,,Y,,,,,,,,,,,,,
2024,14146,City of Opelika - (AL),,AL,SOCO,0,1,1,,2,,Y,Y,,,,,,,,,,,,,,,,,
2024,14160,Orange County Rural E M C,Y,IN,MISO,419,,,,419,,,,,,,,,,,,,,,,,,,,
2024,14164,City of Orangeburg - (SC),,SC,SCEG,,,15,,15,,,Y,,,,,,,,,,,,,,,,,
2024,14170,Orcas Power & Light Coop,,WA,BPAT,47,,,,47,Y,,,,,,,,,,,,,,,,,,,
2024,14175,"Tri-County Electric Coop, Inc (SC)",,SC,SC,,,266,,266,,,Y,,,,,,,,,,,,,,,,,
2024,14232,Otter Tail Power Co,,MN,MISO,17383,1842,11,0,19236,Y,Y,Y,Y,,,,,,,,,Y,Y,Y,Y,,,,
2024,14232,Otter Tail Power Co,,ND,MISO,15301,2222,0,0,17523,Y,Y,Y,Y,,,,,,,,,Y,Y,Y,Y,,,,
2024,14232,Otter Tail Power Co,,SD,MISO,3464,363,0,0,3827,Y,Y,Y,Y,,,,,,,,,Y,Y,Y,Y,,,,
2024,14246,City of Owatonna - (MN),,MN,MISO,258,47,56,,361,Y,Y,Y,,,,,,,,,,,,,,,,,
2024,14251,Owen Electric Coop Inc,,KY,PJM,17,166,,,183,Y,Y,,,,,,,,,,,,,,,,,,
2024,14267,"Otsego Electric Coop, Inc",Y,NY,NYIS,6,1,,,7,,,,,,,,,,,,,,,,,,,,
2024,14275,City of Oxford - (MS),,MS,TVA,0,1,0,0,1,,Y,,,,,,,,,,,,,,,,,,
2024,14289,Ozarks Electric Coop Corp - (AR),,AR,SWPP,,12,3,,15,,,,,,,,,,,,,,Y,Y,,,,,
2024,14328,Pacific Gas & Electric Co.,,CA,CISO,171636,605633,95679,0,872948,Y,Y,Y,,,,,,,,,,Y,Y,Y,,,,,
2024,14354,PacifiCorp,,CA,PACW,5,10,8,,23,Y,Y,Y,,,,,,,,,,,,,,,,,
2024,14354,PacifiCorp,,ID,PACE,9728,9,10,,9747,Y,Y,Y,,,,,,,,,,,,,,,,,
2024,14354,PacifiCorp,,OR,PACW,2172,225,134,,2531,Y,Y,Y,,,,,,,,,,,,,,,,,
2024,14354,PacifiCorp,,UT,PACE,2321,1071,520,1,3913,Y,Y,Y,Y,,,,,,,,,,,,,,,,
2024,14354,PacifiCorp,,WA,PACW,65,31,15,,111,Y,Y,Y,,,,,,,,,,,,,,,,,
2024,14354,PacifiCorp,,WY,PACE,36,31,75,,142,Y,Y,Y,,,,,,,,,,,,,,,,,
2024,14398,Palmetto Electric Coop Inc,,SC,SC,1,213,5,0,219,Y,Y,,,,,,,,,,,,Y,Y,,,,,
2024,14401,City of Palo Alto - (CA),,CA,CISO,,1,,,1,,Y,,,,,,,,,,,,,,,,,,
2024,14455,City of Paris - (TN),,TN,TVA,0,11,4,0,15,,Y,Y,,,,,,,,,,,,,,,,,
2024,14468,People's Cooperative Services,,MN,MISO,352,3,0,0,355,Y,Y,,,,,,,,,,,,,,,,,,
2024,14471,Parke County Rural E M C,Y,IN,MISO,14,1,,,15,,,,,,,,,,,,,,,,,,,,
2024,14534,City of Pasadena - (CA),,CA,CISO,49,133,,,182,Y,Y,,,,,,,,,,,,,,,,,,
2024,14563,Pearl River Valley El Pwr Assn,,MS,MISO,,,1,,1,,,Y,,,,,,,,,,,,,,,,,
2024,14602,Pea River Electric Coop,,AL,SOCO,,18,,,18,,Y,,,,,,,,,,,,,,,,,,
2024,14605,City of Peabody - (MA),,MA,ISNE,,6,6,,12,,Y,Y,,,,,,,,,,,,,,,,,
2024,14606,"Peace River Electric Coop, Inc",,FL,SEC,46,57,,,103,Y,Y,,,,,,,,,,,,,,,,,,
2024,14610,Orlando Utilities Comm,,FL,FMPP,403,392,,,795,Y,Y,,,,,,,,,,,,,,,,,,
2024,14626,"Pedernales Electric Coop, Inc",,TX,ERCO,431,3041,189,,3661,Y,Y,Y,,,,Y,,,,,,,,,,,,,
2024,14715,PPL Electric Utilities Corp,,PA,PJM,902,296,40,0,1238,Y,Y,Y,,,Y,Y,,,,,,,,,,,,,
2024,14717,Pee Dee Electric Member Corp,,NC,CPLE,2,,,,2,Y,,,,,,,,,,,,,,,,,,,
2024,14724,Pennyrile Rural Electric Coop,,KY,TVA,0,2,15,0,17,,Y,Y,,,,,,,,,,,,,,,,,
2024,14840,City of Peru - (IL),,IL,MISO,,1,,,1,,Y,,,,,,,,,,,,,,,,,,
2024,14864,Petit Jean Electric Coop Corp,,AR,MISO,,,1,,1,,,Y,,,,,,,,,,,,,,,,,
2024,14940,PECO Energy Co,,PA,PJM,2911,1041,286,0,4238,Y,Y,,,,Y,Y,,,,,,,,,,,,,
2024,15023,Piedmont Electric Member Corp,,NC,DUK,2038,350,1,,2389,Y,Y,,,,,,,,,,,,,Y,,,,,
2024,15086,Pioneer Power and Light Co,,WI,MISO,7,,1,,8,Y,,Y,,,,,,,,,,,,,,,,,
2024,15141,Plateau Electric Cooperative,,TN,TVA,0,0,2,0,2,,,Y,,,,,,,,,,,,,,,,,
2024,15159,City of Plymouth - (WI),,WI,MISO,25,49,8,0,82,Y,Y,Y,,,,,,,,,,,,,,,,,
2024,15211,Pontotoc Electric Power Assn,,MS,TVA,0,2,1,0,3,,Y,Y,,,,,,,,,,,,,,,,,
2024,15248,Portland General Electric Co,,OR,PGE,23921,260,,,24181,Y,Y,,,,,,,,,,,,,,,,,,
2024,15263,The Potomac Edison Company,,MD,PJM,1511,56,51,0,1618,Y,,,,,Y,Y,,,,,,,,,,,,,
2024,15270,Potomac Electric Power Co,,MD,PJM,395081,,,,395081,,,,,,,,,,,,,,,,,Y,,,
2024,15293,Powell Valley Electric Coop,,TN,TVA,0,0,2,0,2,,,Y,,,,,,,,,,,,,,,,,
2024,15297,City of Plummer - (ID),Y,ID,AVA,863,139,4,,1006,,,,,,,,,,,,,,,,,,,,
2024,15312,Village of Prairie Du Sac - (WI),,WI,MISO,17,14,1,0,32,Y,Y,Y,,,,,,,,,,,,,,,,,
2024,15340,Presque Isle Elec & Gas Coop,,MI,MISO,,7,4,,11,,Y,Y,,,,,,,,,,,,,,,,,
2024,15444,Provo City Corp,,UT,PACE,23,1,0,0,24,Y,Y,,,,,,,,,,,,,,,,,,
2024,15466,Public Service Co of Colorado,,CO,PSCO,1092786,59731,286,1,1152804,Y,Y,Y,Y,,,,,,,,,,,Y,,,,,
2024,15470,"Duke Energy Indiana, LLC",,IN,MISO,0,242,34,0,276,,Y,Y,,,Y,Y,,,,,,,,,,,,,
2024,15472,Public Service Co of NH,,NH,ISNE,85,71,69,,225,Y,Y,Y,,,,Y,,,,,,,,,,,,,
2024,15473,Public Service Co of NM,,NM,PNM,2651,5070,45,,7766,Y,Y,Y,,,,,,,,,,,,,,,,,
2024,15474,Public Service Co of Oklahoma,,OK,SWPP,501093,64687,5911,0,571691,Y,Y,Y,Y,,,,,,,,,,,,,,,,
2024,15500,Puget Sound Energy Inc,,WA,PSEI,8700,1100,,,9800,Y,Y,,,,,,,,,,,,,,,,,,
2024,15507,City of Pulaski - (TN),,TN,TVA,0,0,2,0,2,,,Y,,,,,,,,,,,,,,,,,
2024,15671,Randolph Electric Member Corp,,NC,CPLE,79,41,1,,121,Y,Y,Y,,,,,,,,,,,,,,,,,
2024,15748,Town of Reading - (MA),,MA,ISNE,827,84,,,911,Y,Y,,,,,,,,,,,,,,,,,,
2024,15804,Reedsburg Utility Comm,,WI,MISO,1,48,7,0,56,Y,Y,Y,,,,,,,,,,,,,,,,,
2024,15938,Rice Lake Utilities,Y,WI,MISO,29,8,25,,62,,,,,,,,,,,,,,,,,,,,
2024,15978,City of Richland Center - (WI),,WI,MISO,1,31,4,0,36,Y,Y,Y,,,,,,,,,,,,,,,,,
2024,15989,City of Richmond - (IN),,IN,PJM,,,86,,86,,,,,,,,,,,,,,,Y,,,,,
2024,16057,"Rio Grande Electric Coop, Inc",,NM,EPE,232,68,16,0,316,Y,Y,Y,,,,,,,,,,,,,,,,,
2024,16057,"Rio Grande Electric Coop, Inc",,TX,ERCO,9298,4379,573,0,14250,Y,Y,Y,,,,,,,,,,,,,,,,,
2024,16060,Riverland Energy Cooperative,,WI,MISO,397,162,,,559,Y,Y,,,,,,,,,,,,,,,,,,
2024,16082,City of River Falls,,WI,MISO,44,61,3,0,108,Y,Y,Y,,,,,,,,,,,,,,,,,
2024,16088,City of Riverside - (CA),,CA,CISO,2034,,634,,2668,Y,,Y,,,,,,,,,,,,,,,,,
2024,16101,Roanoke Electric Member Corp,,NC,PJM,46,2,2,,50,Y,Y,Y,,,,,,,,,,,,,,,,,
2024,16179,Rochelle Municipal Utilities,,IL,PJM,205,0,23,,228,Y,Y,Y,,,,,,,,,,,,Y,,,,,
2024,16181,Rochester Public Utilities,,MN,MISO,220,76,0,0,296,Y,Y,,,,,,,,,,,,,,,,,,
2024,16183,Rochester Gas & Electric Corp,,NY,NYIS,3453,759,177,,4389,Y,Y,Y,,,Y,Y,,,Y,Y,,,,,,,,,
2024,16223,City of Rockwood - (TN),,TN,TVA,0,0,5,0,5,,,Y,,,,Y,,,,,,,,,,,,,
2024,16267,Rolling Hills Electric Coop,Y,KS,SWPP,0,8,285,,293,,,,,,,,,,,,,,,,,,,,
2024,16295,City of Roseville - (CA),,CA,BANC,0,0,29,0,29,,,Y,,,,,,,,,,,,,,,,,
2024,16458,City of Russellville - (AL),,AL,TVA,0,0,1,0,1,,,Y,,,,,,,,,,,,,,,,,
2024,16496,Rutherford Elec Member Corp,,NC,DUK,0,206,0,0,206,,Y,,,,,,,,,,,,,,,,,,
2024,16511,Sac-Osage Electric Coop Inc,Y,MO,AECI,,7,,,7,,,,,,,,,,,,,,,,,,,,
2024,16534,Sacramento Municipal Util Dist,,CA,BANC,576477,65943,167,1,642588,Y,Y,Y,Y,,,,,,,,,Y,,,,,,,
2024,16565,Salmon River Electric Coop Inc,,ID,IPCO,0,0,1,0,1,,,Y,,,,,,,,,,,,,,,,,
2024,16572,Salt River Project,,AZ,SRP,360794,14189,,,374983,Y,Y,Y,,,,,,,,,,,,,,,,,
2024,16603,"San Luis Valley R E C, Inc",,CO,WACM,1315,,2500,,3815,Y,,Y,,,,,,,,,,,,,,,,,
2024,16604,City of San Antonio - (TX),,TX,ERCO,,71,,,71,,Y,,,,,,,,,,,,,,,,,,
2024,16609,San Diego Gas & Electric Co,,CA,CISO,8125,17752,64,0,25941,Y,Y,Y,,,,,,Y,Y,,,Y,Y,Y,,,,,
2024,16616,"San Isabel Electric Assn, Inc",,CO,WACM,1123,583,10,,1716,Y,Y,Y,,,,,,,,,,,,,,,,,
2024,16629,Sand Mountain Electric Coop,,AL,TVA,0,1,0,0,1,,Y,,,,,,,,,,,,,,,,,,
2024,16637,City of Sandersville - (GA),,GA,SOCO,,1,,,1,,,,,,Y,,,,,,,,,,,,,,
2024,16649,Sangre De Cristo Elec Assn Inc,Y,CO,WACM,204,22,,,226,,,,,,,,,,,,,,,,,,,,
2024,16674,Satilla Rural Elec Member Corporation,,GA,SOCO,,1001,37,,1038,,Y,,,,,,,,,,,,,Y,,,,,
2024,16679,City of Sauk Centre - (MN),Y,MN,MISO,36,3,8,,47,,,,,,,,,,,,,,,,,,,,
2024,16680,Village of Sauk City - (WI),Y,WI,MISO,42,,6,,48,,,,,,,,,,,,,,,,,,,,
2024,16829,City of Scottsboro - (AL),,AL,TVA,0,1,2,0,3,,Y,Y,,,,,,,,,,,,,,,,,
2024,16854,"Heartland Rural Elec Coop, Inc",Y,KS,SWPP,291,,,,291,,,,,,,,,,,,,,,,,,,,
2024,16865,Sawnee Electric Membership Corporation,,GA,SOCO,755,488,0,0,1243,Y,Y,,,,,,,,,,,Y,Y,,,,,,
2024,16868,City of Seattle - (WA),,WA,SCL,159,156,16,3,334,Y,Y,Y,Y,,,,,,,,,,,,,,,,
2024,16920,Sedgwick County El Coop Assn Inc,Y,KS,SWPP,,,5,,5,,,,,,,,,,,,,,,,,,,,
2024,16930,Sequachee Valley Electric Coop,,TN,TVA,0,4,1,0,5,,Y,Y,,,,,,,,,,,,,,,,,
2024,16949,Sevier County Electric System,,TN,TVA,0,6,3,0,9,,Y,Y,,,,,,,,,,,,,,,,,
2024,16971,Shakopee Public Utilities Comm,,MN,MISO,39,,2,,41,Y,,Y,,,,,,,,,,,,,,,,,
2024,17011,Shawano Municipal Utilities,,WI,MISO,15,38,165,,218,Y,Y,Y,,,,,,,,,,,,,,,,,
2024,17033,Sheffield Utilities,,AL,TVA,0,0,7,0,7,,,Y,,,,,,,,,,,,,,,,,
2024,17037,City of Shelby - (NC),Y,NC,DUK,,2,,,2,,,,,,,,,,,,,,,,,,,,
2024,17047,City of Shelbyville - (TN),,TN,TVA,0,0,2,0,2,,,Y,,,,,,,,,,,,,,,,,
2024,17066,Shenandoah Valley Elec Coop,,VA,PJM,0,11,5,0,16,,,,,,,,,,,,,,Y,Y,,,,,
2024,17130,City of Shullsburg - (WI),Y,WI,MISO,,,2,,2,,,,,,,,,,,,,,,,,,,,
2024,17166,Sierra Pacific Power Co,,NV,NEVP,3986,2582,102,0,6670,Y,Y,Y,Y,,,,,,,,,Y,,,,,,,
2024,17252,Singing River Elec Cooperative,,MS,MISO,,50,15,,65,,Y,Y,,,,,,,,,,,,,,,,,
2024,17267,Sioux Valley SW Elec Coop,,MN,SWPP,75,1,,,76,Y,Y,,,,,,,,,,,,,,,,,,
2024,17267,Sioux Valley SW Elec Coop,,SD,SWPP,608,6,,,614,Y,Y,,,,,,,,,,,Y,,,,,,,
2024,17324,Slinger Utilities,,WI,MISO,5,5,0,0,10,Y,Y,,,,,,,,,,,,,,,,,,
2024,17452,City of Smithville - (TN),,TN,TVA,0,0,1,0,1,,,Y,,,,,,,,,,,,,,,,,
2024,17470,PUD No 1 of Snohomish County,,WA,BPAT,0,22,2,0,24,,Y,Y,,,,,,,,,,,,,,,,,
2024,17492,"Socorro Electric Coop, Inc",Y,NM,PNM,1555,24,,,1579,,,,,,,,,,,,,,,,,,,,
2024,17539,"Dominion Energy South Carolina, Inc",,SC,SCEG,4513,1684,20,,6217,Y,Y,Y,,,,Y,,,,,,,,,,,,,
2024,17543,South Carolina Public Service Authority,,SC,SC,65,23,19,0,107,Y,Y,Y,,,,Y,,,,,,,,Y,,,,Y,
2024,17548,South Central Public Pwr Dist,,NE,SWPP,,11,2,,13,,Y,Y,,,,,,,,,,,,,,,,,
2024,17572,South River Elec Member Corp,,NC,CPLE,82,214,,,296,Y,Y,Y,,,,,,,,,,,,,,,,,
2024,17577,City of South Sioux City,,NE,SWPP,,1,,,1,,Y,,,,,,,,,,,,,,,,,,
2024,17592,Southeast Colorado Power Assn,,CO,WACM,31,,,,31,Y,,,,,,,,,,,,,,,,,,,
2024,17599,Southeastern Indiana R E M C,,IN,MISO,42,,,,42,Y,,,,,,,,,,,,Y,,,,,,,
2024,17603,Southeastern Electric Coop Inc - (OK),,OK,SWPP,,,5,,5,,,Y,,,,Y,,,,Y,,,,Y,,,,Y,
2024,17609,Southern California Edison Co,,CA,CISO,2654452,623975,23055,,3301482,Y,Y,Y,,,Y,Y,,,,,,Y,Y,Y,,,,,
2024,17612,Bear Valley Electric Service,,CA,CISO,11,6,7,,24,Y,Y,Y,,,,,,,,,,,,,,,,,
2024,17637,Southern Maryland Elec Coop Inc,,MD,PJM,1360,46,0,0,1406,Y,Y,,,,,,,,,,,,,,,,,,
2024,17643,"Southern Iowa Elec Coop, Inc",Y,IA,AECI,4644,148,0,,4792,,,,,,,,,,,,,,,,,,,,
2024,17646,"Southern Pine Elec Coop, Inc",,AL,SOCO,,,2,,2,,,,,,,,,,,,,,,Y,,,,,
2024,17647,Southern Pine Electric Cooperative,,MS,MISO,5,9,4,,18,Y,Y,Y,,,,,,,,,,,,,,,,,
2024,17668,City of Southport - (NC),Y,NC,CPLE,2962,570,0,0,3532,,,,,,,,,,,,,,,,,,,,
2024,17683,Southwest Mississippi E P A,,MS,MISO,,2,,,2,,Y,,,,,,,,,,,,,,,,,,
2024,17684,Southwest Louisiana E M C,,LA,MISO,,5,,,5,,Y,,,,,,,,,,,,,,,,,,
2024,17694,Southwest Tennessee E M C,,TN,TVA,0,20,1,0,21,,Y,Y,,,,,,,,,,,,,,,,,
2024,17698,Southwestern Electric Power Co,,AR,SWPP,108102,18913,603,,127618,Y,Y,Y,Y,,,,,,,,,,,,,,,,
2024,17698,Southwestern Electric Power Co,,LA,SWPP,206897,1759,47,,208703,Y,Y,Y,Y,,,,,,,,,,,,,,,,
2024,17698,Southwestern Electric Power Co,,TX,SWPP,156271,3281,164,0,159716,Y,Y,Y,Y,,,,,,,,,,,,,,,,
2024,17718,Southwestern Public Service Co,,NM,SWPP,10,105,2,,117,Y,Y,Y,,,,,,,,,,,,,,,,,
2024,17718,Southwestern Public Service Co,,TX,SWPP,47,224,,,271,Y,Y,,,,,,,,,,,,,,,,,,
2024,17826,"Springer Electric Coop, Inc",,NM,PNM,39,18,,,57,Y,Y,,,,,,,,,,,,,,,,,,
2024,17828,City of Springfield - (IL),,IL,MISO,42,,,,42,Y,,,,,,,,,,,,,,,,,,,
2024,17829,City of Springfield - (TN),,TN,TVA,0,1,1,0,2,,Y,Y,,,,,,,,,,,,,,,,,
2024,17868,St Croix Electric Coop,Y,WI,MISO,1974,14,,,1988,,,,,,,,,,,,,,,,,,,,
2024,17896,City of Shasta Lake - (CA),,CA,BANC,,,1,,1,,,,,,,Y,,,,,,,,,,,,,
2024,18006,City of Starkville,,MS,TVA,0,2,2,0,4,,Y,Y,,,,,,,,,,,,,,,,,
2024,18019,Stearns Cooperative Elec Assn,,MN,MISO,,,2,,2,,,Y,,,,,,,,,,,,,,,,,
2024,18022,City of Statesville - (NC),,NC,DUK,0,24,14,,38,,Y,Y,,,,,,,,,,,Y,Y,,,,,
2024,18047,Steele-Waseca Cooperative Electric,,MN,MISO,,4,16,,20,,Y,Y,,,,,,,,,,,,,,,,,
2024,18087,Town of Sterling - (MA),Y,MA,ISNE,81,0,0,0,81,,,,,,,,,,,,,,,,,,,,
2024,18102,"Steuben Rural Elec Coop, Inc",Y,NY,NYIS,47,,,,47,,,,,,,,,,,,,,,,,,,,
2024,18181,City of Stoughton - (WI),,WI,MISO,34,71,3,0,108,Y,Y,Y,,,,,,,,,,,,,,,,,
2024,18249,City of Sturgeon Bay - (WI),,WI,MISO,98,246,1,0,345,Y,Y,Y,,,,,,,,,,,,,,,,,
2024,18252,City of Sturgis - (MI),,MI,PJM,,19,11,0,30,,Y,Y,,,,,,,,,,,,,,,,,
2024,18280,Sulphur Springs Valley E C Inc,,AZ,WALC,5,118,0,0,123,Y,Y,Y,Y,,,,,,,,,,,,,,,,
2024,18304,"Sumter Electric Coop, Inc",,FL,SEC,,,8,,8,,,,,,,,,,,,,,,Y,,,,,
2024,18305,Sumter Electric Member Corp,,GA,SOCO,,924,10,,934,,Y,Y,,,,,,,,,,,,,,,,,
2024,18312,Sun Prairie Utilities,,WI,MISO,196,182,5,0,383,Y,Y,Y,,,,,,,,,,,,,,,,,
2024,18336,Superior Water and Light Co,,WI,MISO,76,7,12,0,95,Y,Y,Y,,,,,,,,,,,,,,,,,
2024,18339,Surry-Yadkin Elec Member Corp,,NC,DUK,1444,,,,1444,Y,,,,,,,,,,,,,,,,,,,
2024,18360,Suwannee Valley Elec Coop Inc,,FL,SEC,,366,1,,367,,Y,Y,,,,,,,,,,,,,,,,,
2024,18383,Taylor Electric Coop - (WI),Y,WI,MISO,131,35,,,166,,,,,,,,,,,,,,,,,,,,
2024,18384,City of Sweetwater,,TN,TVA,0,0,3,0,3,,,Y,,,,,,,,,,,,,,,,,
2024,18397,City of Sylvania - (GA),,GA,SOCO,,1,2,,3,,,,,,Y,Y,,,,,,,,,,,,,
2024,18445,City of Tallahassee - (FL),,FL,TAL,693,,,,693,Y,,,,,,,,,,,,,,,,,,,
2024,18447,Tallahatchie Valley E P A,,MS,TVA,0,1,1,0,2,,Y,Y,,,,,,,,,,,,,,,,,
2024,18454,Tampa Electric Co,,FL,TEC,3709,3858,50,,7617,,Y,Y,,,,,,,,,,Y,,,,,,,
2024,18472,City of Tarrant,,AL,TVA,0,0,1,0,1,,,Y,,,,,,,,,,,,,,,,,
2024,18498,Taylor County Rural E C C,,KY,PJM,10,,,,10,Y,,,,,,,,,,,,,,,,,,,
2024,18546,Town of Templeton - (MA),Y,MA,ISNE,0,13,0,0,13,,,,,,,,,,,,,,,,,,,,
2024,18642,Tennessee Valley Authority,,AL,TVA,0,1,9,0,10,,Y,Y,,,,,,,,,,,,,,,,,
2024,18642,Tennessee Valley Authority,,KY,TVA,0,2,9,0,11,,Y,Y,,,Y,,,,,,,,,,,,,,
2024,18642,Tennessee Valley Authority,,MS,TVA,0,2,6,0,8,,Y,Y,,,,,,,,,,,,,,,,,
2024,18642,Tennessee Valley Authority,,TN,TVA,0,4,21,0,25,,Y,Y,,,Y,Y,,,,,,,,,,,,,
2024,18895,Thumb Electric Coop of Mich,Y,MI,MISO,8,1,0,0,9,,,,,,,,,,,,,,,,,,,,
2024,18917,Tillamook Peoples Utility Dist,,OR,BPAT,,,6,,6,,,Y,,,,,,,,,,,,,,,,,
2024,18940,Tipmont Rural Elec Member Corp,,IN,MISO,72,14,1,,87,Y,Y,Y,,,,,,,,,,,,,,,,,
2024,18943,Tippah Electric Power Assn,,MS,TVA,0,0,3,0,3,,,Y,,,,,,,,,,,,,,,,,
2024,18951,Tishomingo County E P A,,MS,TVA,0,0,2,0,2,,,Y,,,,,,,,,,,,,,,,,
2024,18995,Tenaska Power Services,,TX,ERCO,0,9,184,0,193,,,,,,Y,Y,,,,,,,,,,,,,
2024,18997,The Toledo Edison Co,,OH,PJM,38,0,0,0,38,Y,,,,,,,,,,,,,,,,,,,
2024,19007,Tombigbee Electric Power Assn,,MS,TVA,0,0,3,0,3,,,Y,,,,,,,,,,,,,,,,,
2024,19125,City of Traverse City - (MI),,MI,MISO,23,,40,,63,Y,,Y,,,,,,,,,,,,,,,,,
2024,19156,Powder River Energy Corp,,WY,WACM,136,155,4,0,295,Y,Y,Y,,,,,,,,,,,,,,,,,
2024,19157,MiEnergy Cooperative,,IA,MISO,3,15,6,,24,Y,Y,Y,,,,,,,,,,,,,,,,,
2024,19157,MiEnergy Cooperative,,MN,MISO,27,9,8,,44,Y,Y,Y,,,,,,,,,,,,,,,,,
2024,19160,"Tri-County Electric Coop, Inc (OK)",,OK,SWPP,,14,15,,29,,Y,Y,,,,,,,,,,,,,,,,,
2024,19160,"Tri-County Electric Coop, Inc (OK)",,TX,SWPP,,2,,,2,,Y,,,,,,,,,,,,,,,,,,
2024,19162,Tri-County Elec Member Corp (TN),,KY,TVA,0,1,1,0,2,,Y,Y,,,,,,,,,,,,,,,,,
2024,19189,Trico Electric Cooperative Inc,,AZ,WALC,1887,59,11,0,1957,Y,Y,Y,,,,,,,,,,,,,,,,,
2024,19229,Truckee Donner P U D,Y,CA,NEVP,48,0,0,0,48,,,,,,,,,,,,,,,,,,,,
2024,19266,Tullahoma Board-Public Utils,,TN,TVA,9278,1980,0,0,11258,Y,Y,,,,,,,,,,,,,,,,,,
2024,19273,City of Tupelo - (MS),,MS,TVA,0,2,1,0,3,,Y,Y,,,,,,,,,,,,,,,,,
2024,19281,Turlock Irrigation District,,CA,TIDC,3657,434,171,0,4262,Y,Y,Y,,,,,,,,,,,,,,,,,
2024,19307,City of Tuscumbia,,AL,TVA,0,1,0,0,1,,Y,,,,,,,,,,,,,,,,,,
2024,19324,Two Rivers Water & Light,,WI,MISO,8,31,1,0,40,Y,Y,Y,,,,,,,,,,,,,,,,,
2024,19327,"TXU Energy Retail Co, LLC",,TX,ERCO,115149,32779,,,147928,Y,,,,,Y,,,,,,,,,,,,,,
2024,19390,"UGI Utilities, Inc",,PA,PJM,,184,53,,237,,,,,,Y,Y,,,,,,,,,,,,,
2024,19396,Tri-County Electric Coop (MI),,MI,MISO,6,44,205,0,255,Y,Y,Y,,,,,,,,,,,,,,,,,
2024,19430,City of Union City,,TN,TVA,0,0,2,0,2,,,Y,,,,,,,,,,,,,,,,,
2024,19436,Union Electric Co - (MO),,MO,MISO,891431,7463,19,0,898913,Y,Y,Y,,,,,,,,,,,,,,,,,
2024,19446,Duke Energy Kentucky,,KY,PJM,597,230,67,,894,,Y,Y,,,Y,Y,,,Y,,,,,,,Y,,,
2024,19490,United Electric Coop Service Inc - (TX),,TX,ERCO,0,15,16,0,31,,Y,,,,,,,,,,,,Y,Y,,,,,
2024,19497,United Illuminating Co,,CT,ISNE,71280,8475,420,1,80176,Y,Y,Y,Y,,,,,,,,,,,,,,,,
2024,19499,"United Power, Inc",,CO,WACM,3005,786,20,,3811,Y,Y,,,,,,,,,,,,,Y,,,,,
2024,19547,Hawaiian Electric Co Inc,,HI,HECO,12285,646,2,,12933,Y,Y,Y,,,,,,,,,,,,,,,,,
2024,19574,Upper Cumberland E M C,,TN,TVA,0,1,2,0,3,,Y,Y,,,,,,,,,,,,,,,,,
2024,19578,Upper Peninsula Power Company,,MI,MISO,0,0,1,0,1,,,Y,,,,Y,,,,,,,,Y,,,,,
2024,19667,Utilities Dist-Western IN REMC,,IN,MISO,4,0,0,0,4,Y,,,,,,,,,,,,,,,,,,,
2024,19728,"UNS Electric, Inc",,AZ,TEPC,20956,1986,3,,22945,Y,Y,Y,,,,,,,,,,,,,,,,,
2024,19785,Verdigris Valley Elec Coop Inc,,OK,AECI,,,1,,1,,,Y,,,,,,,,,,,,,,,,,
2024,19791,"Vermont Electric Cooperative, Inc",,VT,ISNE,39,51,5,0,95,Y,Y,,,,,Y,,,,,,,,,,,,,
2024,19798,City of Vernon,,CA,CISO,,108,91,,199,,Y,Y,,,,,,,,,,,,,,,,,
2024,19806,"Victoria Electric Coop, Inc",,TX,ERCO,0,0,18,0,18,,,,,,,,,,,,,,,,,,,Y,
2024,19813,Vernon Electric Coop,Y,WI,MISO,19,,,,19,,,,,,,,,,,,,,,,,,,,
2024,19820,Victory Electric Coop Assn Inc,,KS,SWPP,,4,,,4,,,,,,Y,,,,,,,,,,,,,,
2024,19876,Virginia Electric & Power Co,,NC,PJM,529,1120,27,0,1676,Y,Y,Y,,,,,,,Y,Y,,,Y,Y,,,,,
2024,19876,Virginia Electric & Power Co,,VA,PJM,19735,6595,230,0,26560,Y,Y,Y,,,,,,,Y,Y,,,Y,Y,,,,,
2024,19898,Volunteer Electric Coop,,TN,TVA,0,1,11,0,12,,Y,Y,,,,,,,,,,,,,,,,,
2024,19951,City of Wadsworth - (OH),,OH,PJM,455,40,4,,499,Y,Y,Y,,,,,,,,,,,,,,,,,
2024,19979,Town of Wakefield - (MA),Y,MA,ISNE,4,,,,4,,,,,,,,,,,,,,,,,,,,
2024,19981,Wake Electric Membership Corp,,NC,CPLE,1178,189,1,,1368,Y,Y,Y,,,,,,,,,,,Y,Y,,,,,
2024,20065,Walton Electric Member Corp,,GA,SOCO,2255,0,0,0,2255,Y,,,,,,,,,,,,,,,,,,,
2024,20077,City of Wapakoneta - (OH),Y,OH,PJM,,,10,,10,,,,,,,,,,,,,,,,,,,,
2024,20111,Warren County Rural E M C,Y,IN,MISO,25,12,,,37,,,,,,,,,,,,,,,,,,,,
2024,20130,Warren Rural Elec Coop Corp,,KY,TVA,0,6,21,0,27,,Y,Y,,,,,,,,,,,,,,,,,
2024,20140,City of Washington - (GA),,GA,SOCO,,1,,,1,,,,,,Y,,,,,,,,,,,,,,
2024,20146,Washington Elec Member Corp,,GA,SOCO,,,1,,1,,,,,,,Y,,,,,,,,,,,,,
2024,20176,City of Water Valley - (MS),,MS,TVA,0,0,1,0,1,,,Y,,,,,,,,,,,,,,,,,
2024,20182,Waterloo Light & Water Comm,,WI,MISO,1,39,0,0,40,Y,Y,,,,,,,,,,,,,,,,,,
2024,20211,Village of Waunakee - (WI),,WI,MISO,89,80,4,0,173,Y,Y,Y,,,,,,,,,,,,,,,,,
2024,20213,Waupun Utilities,,WI,MISO,136,166,2,0,304,Y,Y,Y,,,,,,,,,,,,,,,,,
2024,20214,Waverly Municipal Elec Utility,Y,IA,MISO,,7,,,7,,,,,,,,,,,,,,,,,,,,
2024,20216,Whitewater Valley Rural EMC,,IN,MISO,42,0,6,0,48,Y,Y,Y,,,,,,,,,,,,,,,,,
2024,20222,Wayne-White Counties Elec Coop,,IL,MISO,5,,,,5,Y,,,,,,,,,,,,,,,,,,,
2024,20228,Weakley County Mun Elec Sys,,TN,TVA,0,3,0,0,3,,Y,,,,,,,,,,,,,,,,,,
2024,20310,Town of Wellesley - (MA),,MA,ISNE,,,5,,5,,,Y,,,,,,,,,,,,,,,,,
2024,20371,"West Florida El Coop Assn, Inc",,FL,SOCO,1,16,,,17,Y,Y,,,,,,,,,,,,,,,,,,
2024,20377,West Kentucky Rural E C C,,KY,TVA,0,3,4,0,7,,Y,Y,,,,,,,,,,,,,,,,,
2024,20394,City of West Point - (MS),,MS,TVA,0,0,1,0,1,,,Y,,,,,,,,,,,,,,,,,
2024,20401,West River Electric Assn Inc,,SD,SWPP,34,9,,,43,Y,Y,,,,,,,,Y,,,,Y,,,,,,
2024,20422,Whetstone Valley Elec Coop Inc,Y,SD,SWPP,1656,35,,,1691,,,,,,,,,,,,,,,,,,,,
2024,20434,City of Westby,,WI,MISO,0,8,0,0,8,,Y,,,,,,,,,,,,,,,,,,
2024,20477,City of Westerville - (OH),,OH,PJM,78,,,,78,Y,,,,,,,,,,,,,,,,,,,
2024,20506,"Wheatland Rural Elec Assn, Inc",Y,WY,WACM,98,16,23,,137,,,,,,,,,,,,,,,,,,,,
2024,20509,Wheat Belt Public Power Dist,Y,NE,WACM,5,131,8,0,144,,,,,,,,,,,,,,,,,,,,
2024,20510,"Wheatland Electric Coop, Inc",,KS,SWPP,,9,1291,,1300,,Y,Y,,,,,,,,,,,,,,,,,
2024,20521,Wheeling Power Co,,WV,PJM,2278,19,2,,2299,Y,Y,Y,,,,,,,,,,,,,,,,,
2024,20583,Whitehall Electric Utility,,WI,MISO,3,8,1,0,12,Y,Y,Y,,,,,,,,,,,,,,,,,
2024,20824,Village of Winnetka - (IL),Y,IL,PJM,,1,,,1,,,,,,,,,,,,,,,,,,,,
2024,20844,Wisconsin Dells Electric Util,Y,WI,MISO,,36,,,36,,,,,,,,,,,,,,,,,,,,
2024,20847,Wisconsin Electric Power Co,,WI,MISO,15156,21386,615,,37157,Y,Y,Y,,,,Y,,,,,,,,,,,,,
2024,20856,Wisconsin Power & Light Co,,WI,MISO,4728,7035,1052,,12815,Y,Y,Y,,,Y,Y,,,,,,,,,,,,,
2024,20860,Wisconsin Public Service Corp,,WI,MISO,9626,8497,193,0,18316,Y,Y,Y,,,,Y,,,,,,Y,Y,Y,,,,,
2024,20862,Wisconsin Rapids W W & L Comm,,WI,MISO,85,93,6,,184,Y,Y,Y,,,,,,,,,,,,,,,,,
2024,20924,Wonewoc Electric & Water Util,Y,WI,MISO,21,1,0,0,22,,,,,,,,,,,,,,,,,,,,
2024,20996,Wright-Hennepin Coop Elec Assn,,MN,MISO,687,1,0,0,688,Y,Y,,,,,,,,,,,,,,,,,,
2024,21244,"Southside Electric Coop, Inc",,VA,PJM,4,,,,4,Y,,,,,,,,,,,,,,,,,,,
2024,21526,City of Laurens - (SC),Y,SC,DUK,,18,,,18,,,,,,,,,,,,,,,,,,,,
2024,21538,"Mohave Electric Cooperative, Inc.",,AZ,WALC,1,7,2,0,10,Y,Y,Y,,,,,,,,,,,,,,,,,
2024,21567,"Washington-St Tammany E C, Inc",,LA,MISO,,1,,,1,,Y,,,,,,,,,,,,,,,,,,
2024,22053,Kentucky Power Co,,KY,PJM,301,707,2,,1010,Y,Y,Y,,,,,,,,,,,,,,,,,
2024,22500,"Evergy Kansas Central, Inc",,KS,SWPP,1062,97,1,,1160,Y,Y,,,,,,,,,,,,,,,,Y,Y,
2024,22815,Delta Electric Power Assn,,MS,MISO,,,62,,62,,,Y,,,,,,,,,,,,,,,,,
2024,22822,Clark County Rural E M C - (IN),,IN,MISO,408,1,,,409,Y,Y,,,,,,,,,,,,,,,,,,
2024,23326,"Sierra Electric Coop, Inc",Y,NM,PNM,221,64,,,285,,,,,,,,,,,,,,,,,,,,
2024,23826,Bluestem Electric Coop Inc,Y,KS,SWPP,21,11,1,,33,,,,,,,,,,,,,,,,,,,,
2024,24211,Tucson Electric Power Co,,AZ,TEPC,62252,2612,18,,64882,Y,Y,Y,,,,,,,,,,,,,,,,,
2024,24590,Unitil Energy Systems,,NH,ISNE,50,1,,,51,Y,Y,,,,,,,,,,,,,,,,,,
2024,24889,Brunswick Electric Member Corp,,NC,CPLE,148,2,,,150,Y,Y,,,,,,,,,,,,,,,,,,
2024,24949,Cass County Elec Coop Inc,,ND,MISO,77,405,414,0,896,Y,,,,,,,,,,,,Y,Y,Y,,,,,
2024,25177,Dakota Electric Association,,MN,MISO,17,6,0,,23,Y,Y,,,,,,,,,,,,,,,,,,
2024,25295,Western Indiana Energy REMC,,IN,MISO,,374,,,374,,Y,,,,,,,,,,,,,,,,,,
2024,26510,Liberty Utilities (Granite State Electri,,NH,ISNE,538,0,167,0,705,Y,,Y,,,,,,,,,,Y,,,,,,,
2024,26765,Pella Cooperative Elec Assn,Y,IA,MISO,,,3,,3,,,,,,,,,,,,,,,,,,,,
2024,26916,"Ravalli County Elec Coop, Inc",Y,MT,BPAT,10916,529,643,,12088,,,,,,,,,,,,,,,,,,,,
2024,27058,"High West Energy, Inc",,CO,WACM,12,2,1,0,15,Y,Y,Y,,,,,,,,,,,,Y,,,,,
2024,27058,"High West Energy, Inc",,NE,WACM,49,3,2,0,54,Y,Y,Y,,,,,,,,,,,,Y,,,,,
2024,27058,"High West Energy, Inc",,WY,WACM,134,3,4,0,141,Y,Y,Y,,,,,,,,,,,,Y,,,,,
2024,27222,City of Ripley - (TN),,TN,TVA,0,1,2,0,3,,Y,Y,,,,,,,,,,,,,,,,,
2024,28541,Clatskanie Peoples Util Dist,,OR,BPAT,,,3,,3,,,Y,,,,Y,,,,,,,,,,,,,
2024,30517,"Pioneer Electric Coop, Inc - (AL)",Y,AL,SOCO,66,,,,66,,,,,,,,,,,,,,,,,,,,
2024,30518,Electrical Dist No3 Pinal County,,AZ,AZPS,1080,,,,1080,Y,,,,,,,,,,,,,,,,,,,
2024,31833,Okefenoke Rural El Member Corp,,GA,SOCO,0,16,2,0,18,,Y,,,,,,,,,,,,,Y,,,,,
2024,40036,Westfield Electric Company,,WI,MISO,1,6,,,7,Y,Y,,,,,,,,,,,,,,,,,,
2024,40166,"Chickasaw Electric Coop, Inc",,TN,TVA,0,61,1,0,62,,Y,Y,,,,,,,,,,,,,,,,,
2024,40208,"Ark Valley Elec Coop Assn, Inc",Y,KS,SWPP,4198,645,,,4843,,,,,,,,,,,,,,,,,,,,
2024,40228,Rappahannock Electric Coop,,VA,PJM,48,,,,48,Y,,,,,,,,,,,,,,,,Y,,,
2024,40236,"Forked Deer Electric Coop, Inc",,TN,TVA,0,1,0,0,1,,Y,,,,,,,,,,,,,,,,,,
2024,40291,"Sullivan County R E C, Inc - (PA)",Y,PA,PJM,46,3,,3,52,,,,,,,,,,,,,,,,,,,,
2024,40302,North East Mississippi EPA,,MS,TVA,0,1,2,0,3,,Y,Y,,,,,,,,,,,,,,,,,
2024,40441,Town of Murphy - (NC),,NC,TVA,0,1,2,0,3,,Y,Y,,,,,,,,,,,,,,,,,
2024,49922,U.S. Energy Partners LLC,,NY,NYIS,,18,,,18,,Y,,,,,,,,,,,,,,,,,,
2024,50046,"Texas Retail Energy, LLC",,CT,ISNE,0,47,0,0,47,,,,,,Y,,,,,,,,,,,,,,
2024,50046,"Texas Retail Energy, LLC",,IL,PJM,0,109,0,0,109,,,,,,Y,,,,,,,,,,,,,,
2024,50046,"Texas Retail Energy, LLC",,IL,MISO,0,79,0,0,79,,,,,,Y,,,,,,,,,,,,,,
2024,50046,"Texas Retail Energy, LLC",,MA,ISNE,0,47,0,0,47,,,,,,Y,,,,,,,,,,,,,,
2024,50046,"Texas Retail Energy, LLC",,MD,PJM,0,74,0,0,74,,,,,,Y,,,,,,,,,,,,,,
2024,50046,"Texas Retail Energy, LLC",,ME,ISNE,0,32,0,0,32,,,,,,Y,,,,,,,,,,,,,,
2024,50046,"Texas Retail Energy, LLC",,NH,ISNE,0,45,0,0,45,,,,,,Y,,,,,,,,,,,,,,
2024,50046,"Texas Retail Energy, LLC",,NJ,PJM,0,91,0,0,91,,,,,,Y,,,,,,,,,,,,,,
2024,50046,"Texas Retail Energy, LLC",,NY,NYIS,0,138,0,0,138,,,,,,Y,,,,,,,,,,,,,,
2024,50046,"Texas Retail Energy, LLC",,OH,PJM,0,212,0,0,212,,,,,,Y,,,,,,,,,,,,,,
2024,50046,"Texas Retail Energy, LLC",,PA,PJM,0,217,0,0,217,,,,,,Y,,,,,,,,,,,,,,
2024,50046,"Texas Retail Energy, LLC",,TX,ERCO,0,603,0,0,603,,,,,,Y,,,,,,,,,,,,,,
2024,50046,"Texas Retail Energy, LLC",,VA,PJM,0,107,0,0,107,,,,,,Y,,,,,,,,,,,,,,
2024,54913,NSTAR Electric Company,,MA,ISNE,,8723,380,,9103,,Y,Y,,,,,,,,,,,,,,,,,
2024,55787,City of Moreno Valley - (CA),,CA,CISO,2351,26,3,0,2380,Y,Y,Y,Y,,,,,,,,,,,,,,,,
2024,55937,Entergy Texas Inc.,,TX,MISO,80,5,11,,96,Y,Y,Y,,,,,,,,,,,,,,,,,
2024,55959,Roughrider Electric Cooperativ,,ND,SWPP,,1,,,1,,Y,,,,,,,,,,,,,,,,,,
2024,55962,City of Victorville - (CA),Y,CA,CISO,0,0,78,0,78,,,,,,,,,,,,,,,,,,,,
2024,55982,Heart of Texas Electric Coop,,TX,ERCO,,,1,,1,,,Y,,,,,,,,,,,,,,,,,
2024,56212,"Ambit Energy Holdings, LLC",,TX,ERCO,16517,,,,16517,Y,,,,,,,,,,,,,,,,,,,
2024,56224,Rancho Cucamonga Municipal Utility,Y,CA,CISO,,28,1,,29,,,,,,,,,,,,,,,,,,,,
2024,56379,"MC Squared Energy Services, LLC",,IL,PJM,0,2533,8,0,2541,Y,Y,Y,Y,,,,,,,,,,,,,,,,
2024,56692,Marin Clean Energy,,CA,CISO,358706,52955,,,411661,Y,Y,,,,,,,,,,,,,,,,,,
2024,56697,Ameren Illinois Company,,IL,MISO,146005,1165,66,0,147236,Y,,,,Y,Y,Y,,,,,,,,,,Y,,,
2024,57483,Liberty Utilities,,CA,CISO,502,75,,,577,Y,Y,,,,,,,,,,,,,,,,,,
2024,58124,City of Winter Park - (FL),,FL,FPC,0,24,0,,24,,Y,,,,Y,,,,Y,,,,Y,,,,Y,,
2024,58248,"EnergyMark, LLC",,NY,NYIS,3212,3429,199,0,6840,,,Y,,Y,Y,Y,,,,,,,,,,,,,
2024,58851,City of Cerritos - (CA),,CA,CISO,,251,10,,261,,Y,Y,,,,,,,,,,,,,,,,,
2024,59126,Sonoma Clean Power Authority,,CA,CISO,129900,24900,2905,0,157705,Y,Y,Y,Y,,,,,,,,,,,,,,,,
2024,59385,"Dynegy Energy Services, LLC",,IL,PJM,,87,,,87,,,,,,Y,,,,,,,,,,,,,,
2024,59505,Heartland REMC,,IN,PJM,,,2,,2,,,Y,,,,,,,,,,,,,,,,,
2024,59793,"First Point Power, LLC",,CT,ISNE,0,20,1,0,21,,,,,,Y,Y,,,,,,,,,,,,,
2024,59793,"First Point Power, LLC",,MA,ISNE,62,62,10,0,134,,,,,Y,Y,Y,,,,,,,,,,,,,
2024,59793,"First Point Power, LLC",,ME,ISNE,1,3,1,0,5,,,,,Y,Y,Y,,,,,,,,,,,,,
2024,59793,"First Point Power, LLC",,NH,ISNE,3,41,8,0,52,,,,,Y,Y,Y,,,,,,,,,,,,,
2024,59793,"First Point Power, LLC",,RI,ISNE,3,36,4,0,43,,,,,Y,Y,Y,,,,,,,,,,,,,
2024,59808,MP2 Energy LLC,,TX,ERCO,7467,427,41,0,7935,,,,,Y,Y,Y,,,,,,,,,,,,,
2024,59931,"MidAmerican Energy Services, LLC",,DC,PJM,0,9,0,0,9,,,,,,Y,,,,,,,,,,,,,,
2024,59931,"MidAmerican Energy Services, LLC",,DE,PJM,0,16,1,0,17,,,,,,Y,Y,,,,,,,,,,,,,
2024,59931,"MidAmerican Energy Services, LLC",,IL,PJM,0,257,28,0,285,,Y,Y,,,Y,Y,,,,,,,,,,,,,
2024,59931,"MidAmerican Energy Services, LLC",,IL,MISO,0,97,4,0,101,,,,,,Y,Y,,,,,,,,,,,,,
2024,59931,"MidAmerican Energy Services, LLC",,MD,PJM,0,239,1,0,240,,,,,,Y,Y,,,,,,,,,,,,,
2024,59931,"MidAmerican Energy Services, LLC",,NJ,PJM,0,18,0,0,18,,,,,,Y,,,,,,,,,,,,,,
2024,59931,"MidAmerican Energy Services, LLC",,NY,NYIS,0,37,2,0,39,,,,,,Y,Y,,,,,,,,,,,,,
2024,59931,"MidAmerican Energy Services, LLC",,OH,PJM,0,69,2,0,71,,,,,,Y,Y,,,,,,,,,,,,,
2024,59931,"MidAmerican Energy Services, LLC",,PA,PJM,0,81,3,0,84,,,,,,Y,Y,,,,,,,,,,,,,
2024,59931,"MidAmerican Energy Services, LLC",,TX,ERCO,0,114,11,0,125,,,,,,Y,Y,,,,,,,,,,,,,
2024,60181,CleanPowerSF,,CA,CISO,229559,27633,43,,257235,Y,Y,Y,,,,,,,,,,,,,,,,,
2024,60202,Electranet Power LLC,,TX,ERCO,,,29,,29,,,Y,,,,Y,,,,Y,,,,Y,,,,Y,
2024,60502,Port of Stockton - (CA),Y,CA,CISO,,4,,,4,,,,,,,,,,,,,,,,,,,,
2024,60631,Upper Michigan Energy Resources Corp.,,MI,MISO,449,234,55,0,738,Y,Y,Y,,,,,,,,,,,,,,,,,
2024,60715,Port of Oakland,Y,CA,CISO,,,3,,3,,,,,,,,,,,,,,,,,,,,
2024,60839,Southern Pioneer Electric Company,,KS,SWPP,,,1,,1,,,,,,,Y,,,,,,,,,,,,,
2024,60868,Redwood Coast Energy Authority,,CA,CISO,35744,8178,1740,0,45662,Y,Y,Y,,,,,,,,,,,,,,,,,
2024,61131,Freepoint Energy Solutions LLC,,DC,PJM,,14,,,14,,,,,,Y,,,,,,,,,,,,,,
2024,61131,Freepoint Energy Solutions LLC,,DE,PJM,,14,,,14,,,,,,Y,,,,,,,,,,,,,,
2024,61131,Freepoint Energy Solutions LLC,,IL,PJM,,209,,,209,,,,,,Y,,,,,,,,,,,,,,
2024,61131,Freepoint Energy Solutions LLC,,MD,PJM,,104,,,104,,,,,,Y,,,,,,,,,,,,,,
2024,61131,Freepoint Energy Solutions LLC,,NJ,PJM,,59,,,59,,,,,,Y,,,,,,,,,,,,,,
2024,61131,Freepoint Energy Solutions LLC,,OH,PJM,,675,,,675,,,,,,Y,,,,,,,,,,,,,,
2024,61131,Freepoint Energy Solutions LLC,,PA,PJM,,188,,,188,,,,,,Y,,,,,,,,,,,,,,
2024,61131,Freepoint Energy Solutions LLC,,TX,ERCO,,113,,,113,,,,,,Y,,,,,,,,,,,,,,
2024,61432,Central Coast Community Energy,,CA,CISO,270688,51886,7147,0,329721,Y,Y,Y,Y,,,,,,,,,,,,,,,,
2024,61475,Ava Community Energy,,CA,CISO,432326,50464,5707,0,488497,Y,Y,Y,,,,,,,,,,,,,,,,,
2024,61858,San Jose Clean Energy,,CA,CISO,229044,25262,51,1,254358,Y,Y,Y,Y,,,,,,,,,,,,,,,,
2024,63364,"Mirabito Power & Gas, LLC",,NY,NYIS,0,62,8,0,70,,,,,Y,Y,Y,Y,,,,,,,,,,,,
2024,64314,BP Energy Retail LLC,,CA,CISO,0,23,3,0,26,,,,,,Y,Y,,,,,,,,,,,,,
2024,64314,BP Energy Retail LLC,,CT,ISNE,0,18,7,0,25,,,,,,Y,Y,,,,,,,,,,,,,
2024,64314,BP Energy Retail LLC,,DE,PJM,0,0,3,0,3,,,,,,Y,Y,,,,,,,,,,,,,
2024,64314,BP Energy Retail LLC,,IL,PJM,0,22,12,0,34,,,,,,Y,Y,,,,,,,,,,,,,
2024,64314,BP Energy Retail LLC,,MA,ISNE,0,62,27,0,89,,,,,,Y,Y,,,,,,,,,,,,,
2024,64314,BP Energy Retail LLC,,MD,PJM,0,9,3,0,12,,,,,,Y,Y,,,,,,,,,,,,,
2024,64314,BP Energy Retail LLC,,ME,ISNE,0,7,5,0,12,,,,,,Y,Y,,,,,,,,,,,,,
2024,64314,BP Energy Retail LLC,,NH,ISNE,0,10,5,0,15,,,,,,Y,Y,,,,,,,,,,,,,
2024,64314,BP Energy Retail LLC,,NJ,PJM,0,35,12,0,47,,,,,,Y,Y,,,,,,,,,,,,,
2024,64314,BP Energy Retail LLC,,NY,NYIS,0,38,6,0,44,,,,,,Y,Y,,,,,,,,,,,,,
2024,64314,BP Energy Retail LLC,,OH,PJM,0,19,16,0,35,,,,,,Y,Y,,,,,,,,,,,,,
2024,64314,BP Energy Retail LLC,,PA,PJM,0,20,15,0,35,,,,,,Y,Y,,,,,,,,,,,,,
2024,64314,BP Energy Retail LLC,,RI,ISNE,0,16,4,0,20,,,,,,Y,Y,,,,,,,,,,,,,
2024,64314,BP Energy Retail LLC,,TX,ERCO,0,120,69,0,189,,,,,,Y,Y,,,,,,,,,,,,,
2024,64314,BP Energy Retail LLC,,VA,PJM,0,5,5,0,10,,,,,,Y,Y,,,,,,,,,,,,,
2024,64682,"Gexa Energy, LP",,TX,ERCO,22280,,,,22280,Y,,,,,Y,,,,,,,,,,,,,,
2024,65413,Tesla Energy Ventures,,TX,ERCO,6348,151,4,0,6503,Y,,,,Y,Y,Y,,,,,,,,,,,,,
2024,66073,MPD Electric Cooperative,,SC,SC,,2,22,,24,,Y,Y,,,,,,,,,,,Y,Y,,,,,
2024,66101,FirstEnergy Pennsylvania Electric Co,,PA,PJM,1170,103,678,0,1951,Y,Y,,,,,Y,,,,,,,,,,,,,
2024,66867,David Energy Supply LLC,,MA,ISNE,,5,,,5,,,,,,Y,,,,,,,,,,,,,,
2024,66867,David Energy Supply LLC,,NJ,PJM,,24,,,24,,,,,,Y,,,,,,,,,,,,,,
2024,66867,David Energy Supply LLC,,NY,NYIS,,209,,,209,,,,,,Y,,,,,,,,,,,,,,
2024,66867,David Energy Supply LLC,,TX,ERCO,,31,,,31,,,,,,Y,,,,,,,,,,,,,,
2024,88888,Withheld,,TX,ERCO,,,13,,13,,,,,,,Y,,,,,,,,,,,,,
2024,88888,Withheld,,TX,ERCO,,,2,,2,,,,,,,,,,,Y,,,,,,,,,
2024,88888,Withheld,,TX,ERCO,,,11,,11,,,,,,,Y,,,,,,,,,,,,,
