utility_characteristics_year,state,utility_number,utility_name,ba_code,number_and_capacity_mw_number_of_generators,number_and_capacity_mw_total_capacity,number_and_capacity_mw_capacity_back_up_only,number_and_capacity_mw_capacity_utility_owned,photovoltaic_mw_type,photovoltaic_mw_residential,photovoltaic_mw_commercial,photovoltaic_mw_industrial,photovoltaic_mw_transportation,photovoltaic_mw_direct_connected,photovoltaic_mw_total,battery_mw_residential,battery_mw_commercial,battery_mw_industrial,battery_mw_transportation,battery_mw_direct_connected,battery_mw_total,battery_energy_mwh_residential,battery_energy_mwh_commercial,battery_energy_mwh_industrial,battery_energy_mwh_transportation,battery_energy_mwh_direct_connected,battery_energy_mwh_total,wind_mw_residential,wind_mw_commercial,wind_mw_industrial,wind_mw_transportation,wind_mw_direct_connected,wind_mw_total,hydroelectric_mw_residential,hydroelectric_mw_commercial,hydroelectric_mw_industrial,hydroelectric_mw_transportation,hydroelectric_mw_direct_connected,hydroelectric_mw_total,fuel_cells_mw_residential,fuel_cells_mw_commercial,fuel_cells_mw_industrial,fuel_cells_mw_transportation,fuel_cells_mw_direct_connected,fuel_cells_mw_total,internal_combustion_mw_residential,internal_combustion_mw_commercial,internal_combustion_mw_industrial,internal_combustion_mw_transportation,internal_combustion_mw_direct_connected,internal_combustion_mw_total,combustion_turbine_mw_residential,combustion_turbine_mw_commercial,combustion_turbine_mw_industrial,combustion_turbine_mw_transportation,combustion_turbine_mw_direct_connected,combustion_turbine_mw_total,steam_mw_residential,steam_mw_commercial,steam_mw_industrial,steam_mw_transportation,steam_mw_direct_connected,steam_mw_total,other_mw_residential,other_mw_commercial,other_mw_industrial,other_mw_transportation,other_mw_direct_connected,other_mw_total,total_mw_residential,total_mw_commercial,total_mw_industrial,total_mw_transportation,total_mw_direct_connected,total_mw_total
2024,AS,40429.0,American Samoa Power Authority,NA,7,4.679,,,DC,,,,,4.679,4.679,,,,,,0,,,,,,0,,,,,,0,,,,,,0,,,,,,0,,,,,,0,,,,,,0,,,,,,0,,,,,,0,0,0,0,0,4.679,4.679
2024,AS,99999.0,State Adjustment,NA,,-0.816,,,,,,,,-0.816,-0.816,,,,,,,,,,,,,,,,,,,,,,,,,,,,,,,,,,,,,,,,,,,,,,,,,,,,,,,,,,,-0.816,-0.816
2024,PR,15497.0,Puerto Rico Electric Pwr Authority,NA,1583,33.963,0,0.044,AC,9.302,22.792,1.869,0,0,33.963,,,,,,0,,,,,,0,,,,,,0,,,,,,0,,,,,,0,,,,,,0,,,,,,0,,,,,,0,,,,,,0,9.302,22.792,1.869,0,0.0,33.963
2024,VI,19879.0,Virgin Islands Water & Power Authority,NA,13,0.224,0.044,0.204,AC,,,,,,0.0,,,,,,0,,,,,,0,,,,,,0,,,,,,0,,,,,,0,,,,,0.147,0.147,,,,,0.077,0.077,,,,,,0,,,,,,0,0,0,0,0,0.224,0.224
"Note: Data includes distributed generators less than 1 MW capacity, not net metered, and not reported on the EIA-860.
Data is reported as collected.
Type refers to the nature of the PV system reporting. EIA uses the type reported from Net Metering unless they informed us otherwise. All non AC units are converted to AC when summed.
Generators may be installed at or near a customer's site, or at other locations. They may be owned by either the customers of the distribution utility or the utility.
Other generators includes generators for which technology is not specified. Number of generators is not available by individual technology type.
Source: U.S. Energy Information Administration, Form EIA-861, 'Annual Electric Power Industry Report.'",,,,,,,,,,,,,,,,,,,,,,,,,,,,,,,,,,,,,,,,,,,,,,,,,,,,,,,,,,,,,,,,,,,,,,,,,,,
