data_year,state,ieee_standard_all_events_with_major_event_days_number_of_customers,ieee_standard_all_events_with_major_event_days_saidi_minutes_per_year,ieee_standard_all_events_with_major_event_days_saifi_times_per_year,ieee_standard_all_events_with_major_event_days_caidi_minutes_per_year,ieee_standard_without_major_event_days_saidi_minutes_per_year,ieee_standard_without_major_event_days_saifi_times_per_year,ieee_standard_without_major_event_days_caidi_minutes_per_year,ieee_standard_loss_of_supply_removed_with_major_event_days_saidi_minutes_per_year,ieee_standard_loss_of_supply_removed_with_major_event_days_saifi_times_per_year,ieee_standard_loss_of_supply_removed_with_major_event_days_caidi_minutes_per_year,any_standard_all_events_with_major_event_days_number_of_customers,any_standard_all_events_with_major_event_days_saidi_minutes_per_year,any_standard_all_events_with_major_event_days_saifi_times_per_year,any_standard_all_events_with_major_event_days_caidi_minutes_per_year,any_standard_without_major_event_days_saidi_minutes_per_year,any_standard_without_major_event_days_saifi_times_per_year,any_standard_without_major_event_days_caidi_minutes_per_year
2024,AK,283571.0,323.2,2.321,139.3,192.4,1.862,103.3,371.0,1.84,201.7,300295.0,327.1,2.591,126.3,192.4,1.862,103.3
2024,AL,434148.0,197.7,1.749,113.0,120.8,1.29,93.6,189.6,1.654,114.6,2256945.0,279.4,1.87,149.4,117.8,1.037,113.6
2024,AR,1411144.0,527.8,2.137,247.0,201.9,1.617,124.8,377.8,1.807,209.2,1534416.0,509.1,2.128,239.3,194.6,1.587,122.7
2024,AZ,3339887.0,83.6,0.963,86.8,69.8,0.88,79.4,75.8,0.935,81.1,3370976.0,87.5,0.988,88.6,72.0,0.898,80.1
2024,CA,15232351.0,285.0,1.353,210.7,164.4,1.181,139.2,306.3,1.429,214.3,16140026.0,279.6,1.345,208.0,158.2,1.154,137.1
2024,CO,2748388.0,257.0,1.415,181.6,118.9,1.145,103.9,251.2,1.335,188.1,2790778.0,255.1,1.409,181.0,119.0,1.142,104.3
2024,CT,1709458.0,152.8,0.877,174.3,73.6,0.649,113.3,152.3,0.858,177.4,1734558.0,153.6,0.876,175.5,73.1,0.644,113.4
2024,DC,342495.0,32.6,0.271,120.2,26.4,0.246,107.2,32.6,0.271,120.2,342495.0,32.6,0.271,120.2,26.4,0.246,107.2
2024,DE,468340.0,117.9,0.855,138.0,66.8,0.727,91.9,118.9,0.857,138.7,477075.0,116.1,0.843,137.8,65.9,0.717,91.9
2024,FL,9909434.0,1487.6,1.784,833.9,66.7,0.741,90.0,1485.6,1.716,865.9,11821975.0,1321.5,1.77,746.6,66.4,0.762,87.1
2024,GA,4751725.0,1208.1,2.104,574.3,211.4,1.244,170.0,768.0,1.905,403.2,4850646.0,1229.1,2.122,579.2,212.3,1.264,168.0
2024,HI,35232.0,382.6,4.39,87.2,219.3,2.39,91.8,0.0,0.0,,506381.0,320.6,2.616,122.6,225.6,2.18,103.5
2024,IA,904873.0,200.3,1.213,165.1,84.1,0.811,103.6,187.0,1.043,179.3,1460505.0,166.7,1.15,145.0,89.8,0.887,101.3
2024,ID,952059.0,204.4,1.314,155.5,152.5,1.136,134.2,150.5,0.959,157.1,971668.0,232.8,1.314,177.1,174.0,1.136,153.2
2024,IL,5831894.0,158.0,0.848,186.3,59.1,0.637,92.7,154.7,0.815,189.9,5923658.0,156.9,0.852,184.0,59.4,0.644,92.3
2024,IN,2908019.0,310.0,1.276,242.9,123.3,1.008,122.4,252.3,1.14,221.4,3173193.0,312.4,1.283,243.5,121.4,0.997,121.8
2024,KS,1269307.0,289.8,1.503,192.8,104.0,1.005,103.5,277.9,1.35,205.9,1307131.0,285.6,1.506,189.7,103.6,1.003,103.3
2024,KY,2258979.0,537.7,1.783,301.6,145.7,1.216,119.8,520.1,1.58,329.2,2324465.0,648.3,1.955,331.7,153.3,1.32,116.1
2024,LA,1782597.0,630.6,2.356,267.7,215.9,1.661,130.0,603.0,2.21,272.8,2307468.0,727.5,2.722,267.2,206.0,1.751,117.6
2024,MA,3043016.0,103.7,0.852,121.8,77.0,0.748,102.9,103.9,0.829,125.3,3114594.0,102.0,0.843,120.9,76.1,0.743,102.3
2024,MD,2685372.0,118.1,0.817,144.5,75.1,0.686,109.6,116.7,0.802,145.6,2685689.0,118.1,0.817,144.5,75.1,0.686,109.6
2024,ME,858340.0,1748.6,3.636,480.9,274.0,2.139,128.1,1701.0,3.326,511.5,858340.0,1748.6,3.636,480.9,274.0,2.139,128.1
2024,MI,4798405.0,481.7,1.365,353.0,161.3,0.983,164.0,456.2,1.252,364.5,4960710.0,470.4,1.356,346.8,160.1,0.986,162.4
2024,MN,2520604.0,222.4,1.262,176.3,91.5,0.902,101.5,222.3,1.144,194.3,2580625.0,219.6,1.25,175.6,92.2,0.901,102.3
2024,MO,2767867.0,212.6,1.176,180.8,106.6,0.924,115.4,206.0,1.07,192.5,2901016.0,224.3,1.189,188.6,106.0,0.919,115.3
2024,MS,1108731.0,607.3,2.482,244.7,279.0,1.882,148.3,693.8,2.714,255.7,1330547.0,567.1,2.555,221.9,266.3,1.963,135.6
2024,MT,501041.0,341.7,1.628,209.8,152.3,1.163,130.9,298.1,1.36,219.2,517594.0,351.5,1.621,216.9,156.6,1.161,134.9
2024,NC,5279816.0,1518.1,1.826,831.3,143.9,1.176,122.4,1475.0,1.678,879.2,5591822.0,1441.0,1.812,795.0,141.4,1.172,120.6
2024,ND,406369.0,102.7,0.942,109.0,87.0,0.881,98.7,82.2,0.681,120.7,429988.0,99.1,0.915,108.4,84.2,0.857,98.3
2024,NE,748658.0,697.8,1.244,560.8,69.8,0.6,116.3,696.7,1.235,564,833928.0,641.7,1.232,520.8,73.6,0.595,123.8
2024,NH,676675.0,735.5,1.616,455.2,84.2,0.775,108.5,733.0,1.597,459,761813.0,922.7,2.021,456.6,132.3,0.985,134.3
2024,NJ,4252472.0,173.3,1.116,155.3,98.8,0.944,104.7,161.2,0.971,166,4327439.0,174.2,1.119,155.7,99.7,0.948,105.2
2024,NM,931447.0,272.6,1.325,205.7,152.0,1.106,137.4,255.4,1.128,226.5,985538.0,278.8,1.321,211.1,156.5,1.109,141.1
2024,NV,1540835.0,158.9,1.108,143.4,63.8,0.658,97.0,116.7,1.313,88.9,1540835.0,158.9,1.108,143.4,63.8,0.658,97.0
2024,NY,2044844.0,477.3,1.668,286.1,142.8,1.063,134.4,483.6,1.661,291.1,8446236.0,219.9,0.91,241.7,72.0,0.611,117.8
2024,OH,5582977.0,511.0,1.298,393.7,133.3,0.999,133.4,500.3,1.124,445.1,5590091.0,510.5,1.298,393.4,133.2,0.999,133.4
2024,OK,1014916.0,220.7,1.584,139.3,121.3,1.265,95.9,188.1,1.251,150.4,1991748.0,270.9,1.731,156.5,119.6,1.147,104.3
2024,OR,1875038.0,579.3,1.324,437.6,124.1,0.824,150.6,547.0,1.197,457,1991568.0,591.0,1.346,439.1,130.9,0.857,152.8
2024,PA,5309442.0,353.1,1.393,253.5,131.5,0.989,133.0,340.9,1.278,266.7,5942270.0,336.1,1.353,248.3,131.0,0.971,134.9
2024,RI,509231.0,104.3,0.896,116.4,60.8,0.761,79.9,99.0,0.862,114.9,509231.0,104.3,0.896,116.4,60.8,0.761,79.9
2024,SC,2777406.0,3155.0,2.368,1332.3,115.9,1.198,96.7,2972.9,2.054,1447.2,2892839.0,3136.5,2.365,1326.3,117.8,1.207,97.6
2024,SD,365552.0,85.6,0.815,105.0,61.5,0.72,85.4,67.5,0.582,116,389248.0,84.7,0.815,104.0,62.1,0.72,86.2
2024,TN,2725858.0,289.3,1.939,149.2,169.9,1.752,97.0,283.3,1.896,149.4,3185407.0,278.6,2.0,139.3,159.5,1.764,90.4
2024,TX,9400350.0,1614.3,2.293,704.2,153.4,1.398,109.7,1724.6,2.27,759.9,14212346.0,1270.6,2.114,600.9,129.4,1.218,106.2
2024,UT,1220321.0,115.4,1.008,114.5,105.0,0.956,109.9,108.9,1.002,108.7,1261553.0,119.8,1.03,116.3,106.7,0.966,110.4
2024,VA,1256266.0,962.1,2.238,429.9,245.1,1.641,149.4,911.2,2.038,447,3957715.0,418.3,1.627,257.1,166.4,1.342,124.0
2024,VT,40741.0,895.8,3.34,268.2,231.8,1.4,165.6,884.6,2.06,429.4,337817.0,696.7,2.516,276.9,275.0,1.661,165.5
2024,WA,3420562.0,643.5,1.774,362.8,157.3,1.085,144.9,587.2,1.445,406.3,3618279.0,623.5,1.752,355.9,158.6,1.087,146.0
2024,WI,2388513.0,296.8,1.041,285.2,97.5,0.726,134.3,294.8,1.021,288.8,2970711.0,266.1,1.02,260.8,91.3,0.729,125.2
2024,WV,1001747.0,1165.5,2.832,411.5,486.1,2.287,212.6,1067.4,2.5,427,1001747.0,1165.5,2.832,411.5,486.1,2.287,212.6
2024,WY,254862.0,137.8,0.999,138.0,116.0,0.925,125.4,128.6,1.018,126.4,271591.0,137.8,0.999,138.0,109.1,0.869,125.6
"CAIDI = SAIDI / SAIFI.
MED- Major Event Days.
MINUS LOS- Minus Loss of Supply.
Any method equals IEEE plus other",,,,,,,,,,,,,,,,,,
