data_year,utility_characteristics_facility_number,utility_characteristics_facility_name,utility_number,utility_name,state,ba_code,residential_revenues_thousand_dollars,residential_sales_megawatthours,residential_customers_count,commercial_revenues_thousand_dollars,commercial_sales_megawatthours,commercial_customers_count,industrial_revenues_thousand_dollars,industrial_sales_megawatthours,industrial_customers_count,transportation_revenues_thousand_dollars,transportation_sales_megawatthours,transportation_customers_count,total_revenues_thousand_dollars,total_sales_megawatthours,total_customers_count
2024,63444.0,1001 Ebenezer Church Solar,63186.0,"1001 Ebenezer Church Solar, LLC",NC,DUK,0.0,0.0,0.0,426.0,6418.0,1.0,0.0,0.0,0.0,0.0,0.0,0.0,426.0,6418.0,1.0
2024,63447.0,1008 Matthews Solar,63192.0,"1008 Matthews Solar, LLC",NC,DUK,0.0,0.0,0.0,539.0,8288.0,1.0,0.0,0.0,0.0,0.0,0.0,0.0,539.0,8288.0,1.0
2024,63445.0,1009 Yadkin Solar,63190.0,"1009 Yadkin Solar, LLC",NC,DUK,0.0,0.0,0.0,385.0,5907.0,1.0,0.0,0.0,0.0,0.0,0.0,0.0,385.0,5907.0,1.0
2024,62660.0,"1025 Traveller Solar, LLC",63184.0,CI-II Mitchell Holding LLC,NC,CPLE,0.0,0.0,0.0,538.0,8695.0,1.0,0.0,0.0,0.0,0.0,0.0,0.0,538.0,8695.0,1.0
2024,64478.0,"1034 Catherine Lake Solar, LLC",64117.0,"1034 Catherine Lake Solar, LLC",NC,CPLE,0.0,0.0,0.0,421.0,6787.0,1.0,0.0,0.0,0.0,0.0,0.0,0.0,421.0,6787.0,1.0
2024,63448.0,1045 Tomlin Mill Solar,63193.0,"1045 Tomlin Mill Solar, LLC",NC,DUK,0.0,0.0,0.0,381.0,7685.0,1.0,0.0,0.0,0.0,0.0,0.0,0.0,381.0,7685.0,1.0
2024,62661.0,"1047 Little Mountain Solar, LLC",63184.0,CI-II Mitchell Holding LLC,NC,DUK,0.0,0.0,0.0,228.0,3479.0,1.0,0.0,0.0,0.0,0.0,0.0,0.0,228.0,3479.0,1.0
2024,64271.0,"1051 Lucky Solar, LLC",63864.0,"1051 Lucky Solar, LLC",NC,DUK,0.0,0.0,0.0,247.0,3881.0,1.0,0.0,0.0,0.0,0.0,0.0,0.0,247.0,3881.0,1.0
2024,63446.0,1073 Onslow Solar,63191.0,"1073 Onslow Solar, LLC",NC,DUK,0.0,0.0,0.0,351.0,5733.0,1.0,0.0,0.0,0.0,0.0,0.0,0.0,351.0,5733.0,1.0
2024,59371.0,12 Applegate Solar LLC,62629.0,G&S Operations LLC,NJ,PJM,0.0,0.0,0.0,145.0,2133.0,1.0,0.0,0.0,0.0,0.0,0.0,0.0,145.0,2133.0,1.0
2024,57458.0,145 Talmadge Solar,56777.0,Avidan Energy Solutions,NJ,PJM,0.0,0.0,0.0,0.0,0.0,0.0,666.0,4854.0,1.0,0.0,0.0,0.0,666.0,4854.0,1.0
2024,58187.0,180 Raritan Solar,58164.0,"180 Raritan Energy Solutions, LLC",NJ,PJM,0.0,0.0,0.0,0.0,0.0,0.0,352.0,2580.0,1.0,0.0,0.0,0.0,352.0,2580.0,1.0
2024,59365.0,24 Applegate Solar LLC,60281.0,"Altus Power America Management, LLC",NJ,PJM,0.0,0.0,0.0,261.0,3614.0,1.0,0.0,0.0,0.0,0.0,0.0,0.0,261.0,3614.0,1.0
2024,61518.0,301 Chestnut Solar NG,59254.0,NuGen Capital Management,MA,ISNE,0.0,0.0,0.0,239.0,2381.0,1.0,0.0,0.0,0.0,0.0,0.0,0.0,239.0,2381.0,1.0
2024,68391.0,3100 Valleyview Drive,65043.0,Madison Energy Investments LLC,CA,,0.0,0.0,0.0,98.0,554.0,1.0,0.0,0.0,0.0,0.0,0.0,0.0,98.0,554.0,1.0
2024,61224.0,"350 Clark Solar, NG, LLC",59254.0,NuGen Capital Management,NJ,PJM,0.0,0.0,0.0,444.0,2095.0,1.0,0.0,0.0,0.0,0.0,0.0,0.0,444.0,2095.0,1.0
2024,59370.0,4 Applegate Solar LLC,62629.0,G&S Operations LLC,NJ,PJM,0.0,0.0,0.0,162.0,1982.0,1.0,0.0,0.0,0.0,0.0,0.0,0.0,162.0,1982.0,1.0
2024,63366.0,435A Bergen Avenue,60268.0,"Hartz Solar, LLC",NJ,PJM,0.0,0.0,0.0,82.0,2086.0,1.0,0.0,0.0,0.0,0.0,0.0,0.0,82.0,2086.0,1.0
2024,62325.0,46 Meadowlands Parkway,60268.0,"Hartz Solar, LLC",NJ,PJM,0.0,0.0,0.0,215.0,2534.0,1.0,0.0,0.0,0.0,0.0,0.0,0.0,215.0,2534.0,1.0
2024,67456.0,700 Binnewater,65043.0,Madison Energy Investments LLC,NY,ISNE,0.0,0.0,0.0,150.0,1578.0,1.0,0.0,0.0,0.0,0.0,0.0,0.0,150.0,1578.0,1.0
2024,62326.0,77 Metro Way,60268.0,"Hartz Solar, LLC",NJ,PJM,0.0,0.0,0.0,146.0,1523.0,2.0,0.0,0.0,0.0,0.0,0.0,0.0,146.0,1523.0,2.0
2024,67507.0,ACC,66109.0,"Entegrity Solar ACC, LLC",AR,MISO,0.0,0.0,0.0,218.0,4171.0,1.0,0.0,0.0,0.0,0.0,0.0,0.0,218.0,4171.0,1.0
2024,60802.0,ACCC Mays Landing,61944.0,MN8 Energy LLC,NJ,PJM,0.0,0.0,0.0,179.0,1810.0,1.0,0.0,0.0,0.0,0.0,0.0,0.0,179.0,1810.0,1.0
2024,63483.0,ACM - Midtown Thermal,65384.0,"Cartier Energy, LLC",NJ,PJM,0.0,0.0,0.0,1294.0,12692.0,2.0,0.0,0.0,0.0,0.0,0.0,0.0,1294.0,12692.0,2.0
2024,67513.0,ADC Varner,66235.0,"Entegrity Solar ADC, LLC",AR,MISO,0.0,0.0,0.0,313.0,8637.0,1.0,0.0,0.0,0.0,0.0,0.0,0.0,313.0,8637.0,1.0
2024,66796.0,ADP Parsippany NJ,64872.0,"Distributed Solar Development, LLC",NJ,PJM,0.0,0.0,0.0,78.0,1226.0,1.0,0.0,0.0,0.0,0.0,0.0,0.0,78.0,1226.0,1.0
2024,68615.0,"ADP Roseland, NJ",65992.0,"ADP Boulevard Solar Project 2021, LLC",NJ,PJM,0.0,0.0,0.0,103.0,1049.0,1.0,0.0,0.0,0.0,0.0,0.0,0.0,103.0,1049.0,1.0
2024,66136.0,"AES Daigle Solar, LLC",64904.0,AES Clean Energy,ME,NBSO,0.0,0.0,0.0,728.0,6668.0,1.0,0.0,0.0,0.0,0.0,0.0,0.0,728.0,6668.0,1.0
2024,61068.0,AES Lawai Solar Hybrid,61012.0,AES Distributed Energy,HI,NA,0.0,0.0,0.0,4053.0,56337.0,1.0,0.0,0.0,0.0,0.0,0.0,0.0,4053.0,56337.0,1.0
2024,66135.0,"AES Pelletier Solar, LLC",64904.0,AES Clean Energy,ME,NBSO,0.0,0.0,0.0,427.0,3592.0,1.0,0.0,0.0,0.0,0.0,0.0,0.0,427.0,3592.0,1.0
2024,60986.0,AIS Solar Project,63249.0,Terraform Arcadia,MA,ISNE,0.0,0.0,0.0,265.0,3469.0,1.0,0.0,0.0,0.0,0.0,0.0,0.0,265.0,3469.0,1.0
2024,62629.0,APG New Chesapeake,60584.0,Onyx Asset Services Group,MD,PJM,0.0,0.0,0.0,661.0,4087.0,1.0,0.0,0.0,0.0,0.0,0.0,0.0,661.0,4087.0,1.0
2024,62628.0,APG Old Bayside,60584.0,Onyx Asset Services Group,MD,PJM,0.0,0.0,0.0,480.0,2966.0,1.0,0.0,0.0,0.0,0.0,0.0,0.0,480.0,2966.0,1.0
2024,58889.0,ASTI,58759.0,Perpetual Energy Systems,CA,CISO,0.0,0.0,0.0,166.0,1159.0,1.0,0.0,0.0,0.0,0.0,0.0,0.0,166.0,1159.0,1.0
2024,60085.0,AVS Lancaster 1,57313.0,Tesla Inc.,CA,CISO,0.0,0.0,0.0,643.0,8722.0,1.0,0.0,0.0,0.0,0.0,0.0,0.0,643.0,8722.0,1.0
2024,65622.0,Absegami,60281.0,"Altus Power America Management, LLC",NJ,PJM,0.0,0.0,0.0,470.0,3258.0,1.0,0.0,0.0,0.0,0.0,0.0,0.0,470.0,3258.0,1.0
2024,64238.0,"Acme Solar, LLC",63824.0,"Acme Solar, LLC",NC,CPLE,0.0,0.0,0.0,407.0,6500.0,1.0,0.0,0.0,0.0,0.0,0.0,0.0,407.0,6500.0,1.0
2024,58632.0,Actus Lend Lease DMAFB,57313.0,Tesla Inc.,AZ,TEPC,0.0,0.0,0.0,413.0,2527.0,1.0,0.0,0.0,0.0,0.0,0.0,0.0,413.0,2527.0,1.0
2024,60772.0,Adams Ave MS and HS,61944.0,MN8 Energy LLC,NJ,PJM,0.0,0.0,0.0,127.0,1188.0,1.0,0.0,0.0,0.0,0.0,0.0,0.0,127.0,1188.0,1.0
2024,59788.0,"Advance Stores Company, Inc",57313.0,Tesla Inc.,CT,ISNE,0.0,0.0,0.0,113.0,1071.0,1.0,0.0,0.0,0.0,0.0,0.0,0.0,113.0,1071.0,1.0
2024,66797.0,Agriculture Capital - Legacy Packing,64872.0,"Distributed Solar Development, LLC",CA,CISO,0.0,0.0,0.0,127.0,3912.0,1.0,0.0,0.0,0.0,0.0,0.0,0.0,127.0,3912.0,1.0
2024,65411.0,"Airport 009239 SCS Lexington, LLC",61230.0,"Arevon Energy, Inc.",NE,SWPP,0.0,0.0,0.0,143.0,2196.0,1.0,0.0,0.0,0.0,0.0,0.0,0.0,143.0,2196.0,1.0
2024,65005.0,Albertsons at Melrose Park,64440.0,"ESIL-AL-Melrose, LLC",IL,PJM,0.0,0.0,0.0,146.0,2925.0,1.0,0.0,0.0,0.0,0.0,0.0,0.0,146.0,2925.0,1.0
2024,63303.0,Alticor Inc - Solar Project,61944.0,MN8 Energy LLC,CA,CISO,0.0,0.0,0.0,130.0,1586.0,1.0,0.0,0.0,0.0,0.0,0.0,0.0,130.0,1586.0,1.0
2024,58357.0,Amazon,63068.0,CVI CleanCapital Solar 4 LLC,NJ,PJM,0.0,0.0,0.0,36.0,3905.0,1.0,0.0,0.0,0.0,0.0,0.0,0.0,36.0,3905.0,1.0
2024,61377.0,Amazon - Patterson PV,61012.0,AES Distributed Energy,CA,,0.0,0.0,0.0,489.0,4834.0,1.0,0.0,0.0,0.0,0.0,0.0,0.0,489.0,4834.0,1.0
2024,64429.0,Amazon - Stockton - Roof (SCK1) - (CA),62856.0,"Forefront Power, LLC",CA,CISO,0.0,0.0,0.0,362.0,3646.0,1.0,0.0,0.0,0.0,0.0,0.0,0.0,362.0,3646.0,1.0
2024,63537.0,Amazon BDL3 Solar Project,63259.0,Solar Star Prime 1 LLC,CT,ISNE,0.0,0.0,0.0,122.0,1623.0,1.0,0.0,0.0,0.0,0.0,0.0,0.0,122.0,1623.0,1.0
2024,65562.0,Amazon Bakersfield 1 Solar Project,59573.0,"Solar Star Prime 3, LLC",CA,CISO,0.0,0.0,0.0,1372.0,8105.0,1.0,0.0,0.0,0.0,0.0,0.0,0.0,1372.0,8105.0,1.0
2024,63536.0,Amazon DEN2 Solar Project,63259.0,Solar Star Prime 1 LLC,CO,PSCO,0.0,0.0,0.0,86.0,1789.0,1.0,0.0,0.0,0.0,0.0,0.0,0.0,86.0,1789.0,1.0
2024,68623.0,Amazon Goodyear,65330.0,"Westbound Solar 3, LLC",AZ,AZPS,0.0,0.0,0.0,355.0,4528.0,1.0,0.0,0.0,0.0,0.0,0.0,0.0,355.0,4528.0,1.0
2024,64351.0,Amazon JFK8 Solar Project,63962.0,"Solar Star Prime 2, LLC",NY,NYIS,0.0,0.0,0.0,413.0,6949.0,1.0,0.0,0.0,0.0,0.0,0.0,0.0,413.0,6949.0,1.0
2024,64610.0,Amazon MDW6 Solar Project,64220.0,"Solar Star Prime 5, LLC",IL,PJM,0.0,0.0,0.0,122.0,2615.0,1.0,0.0,0.0,0.0,0.0,0.0,0.0,122.0,2615.0,1.0
2024,66022.0,Amazon MDW7 Solar Project,65214.0,"Solar Star Prime 6, LLC",IL,MISO,0.0,0.0,0.0,128.0,3068.0,1.0,0.0,0.0,0.0,0.0,0.0,0.0,128.0,3068.0,1.0
2024,62876.0,Amazon Maryland DCA1,62715.0,Westbound Solar LLC,MD,PJM,0.0,0.0,0.0,181.0,2264.0,1.0,0.0,0.0,0.0,0.0,0.0,0.0,181.0,2264.0,1.0
2024,67170.0,Amazon SAN3 Solar Project,66050.0,Solar Star Prime 4 LLC,CA,CISO,0.0,0.0,0.0,808.0,6200.0,1.0,0.0,0.0,0.0,0.0,0.0,0.0,808.0,6200.0,1.0
2024,64384.0,Amazon TUS2,63432.0,SkyHigh 2 Solar,AZ,TEPC,0.0,0.0,0.0,420.0,5541.0,1.0,0.0,0.0,0.0,0.0,0.0,0.0,420.0,5541.0,1.0
2024,64360.0,"American Goldfinch SCS ACY2 NJ, LLC",61230.0,"Arevon Energy, Inc.",NJ,PJM,0.0,0.0,0.0,324.0,6745.0,1.0,0.0,0.0,0.0,0.0,0.0,0.0,324.0,6745.0,1.0
2024,60684.0,Amphitheater High School Solar,60404.0,"Luminace Solar Arizona 2, LLC",AZ,TEPC,0.0,0.0,0.0,183.0,1833.0,1.0,0.0,0.0,0.0,0.0,0.0,0.0,183.0,1833.0,1.0
2024,59331.0,Anheuser-Busch #2,56930.0,"Foundation HA Energy Generation, LLC",CA,CISO,0.0,0.0,0.0,0.0,0.0,0.0,326.0,3807.0,1.0,0.0,0.0,0.0,326.0,3807.0,1.0
2024,60662.0,Archdiocese of Baltimore J,61419.0,"Luminace Solar MC, LLC",MD,PJM,0.0,0.0,0.0,293.0,3260.0,1.0,0.0,0.0,0.0,0.0,0.0,0.0,293.0,3260.0,1.0
2024,60663.0,Archdiocese of Baltimore L,61419.0,"Luminace Solar MC, LLC",MD,PJM,0.0,0.0,0.0,294.0,3270.0,1.0,0.0,0.0,0.0,0.0,0.0,0.0,294.0,3270.0,1.0
2024,66247.0,"Ash Mesa Solar, LLC",65345.0,"Ash Mesa Solar, LLC",CA,,0.0,0.0,0.0,221.0,7927.0,1.0,0.0,0.0,0.0,0.0,0.0,0.0,221.0,7927.0,1.0
2024,55990.0,Ashtabula,58115.0,"DTE Ashtabula, LLC",OH,PJM,0.0,0.0,0.0,0.0,0.0,0.0,3195.0,164321.0,1.0,0.0,0.0,0.0,3195.0,164321.0,1.0
2024,56900.0,Atlantic City Convention Center,57044.0,"Luminace Solar New Jersey, LLC",NJ,PJM,0.0,0.0,0.0,436.0,2075.0,1.0,0.0,0.0,0.0,0.0,0.0,0.0,436.0,2075.0,1.0
2024,65617.0,BBARWA,64872.0,"Distributed Solar Development, LLC",CA,CISO,0.0,0.0,0.0,0.0,0.0,0.0,234.0,3043.0,1.0,0.0,0.0,0.0,234.0,3043.0,1.0
2024,60227.0,BJ's Wholesale Club Inc Dist Center,57313.0,Tesla Inc.,NJ,PJM,0.0,0.0,0.0,143.0,2146.0,1.0,0.0,0.0,0.0,0.0,0.0,0.0,143.0,2146.0,1.0
2024,60116.0,"BJ's Wholesale Club, Inc- Uxbridge",57313.0,Tesla Inc.,MA,ISNE,0.0,0.0,0.0,14.0,271.0,1.0,0.0,0.0,0.0,0.0,0.0,0.0,14.0,271.0,1.0
2024,61893.0,BNB Camden Solar,60025.0,Greenbacker Renewable Energy Corporation,NJ,PJM,0.0,0.0,0.0,420.0,4174.0,1.0,0.0,0.0,0.0,0.0,0.0,0.0,420.0,4174.0,1.0
2024,64400.0,BYU - Hawaii,63432.0,SkyHigh 2 Solar,HI,HECO,0.0,0.0,0.0,534.0,5457.0,1.0,0.0,0.0,0.0,0.0,0.0,0.0,534.0,5457.0,1.0
2024,66598.0,Baldy Mesa Solar & Storage,64904.0,AES Clean Energy,CA,CISO,0.0,0.0,0.0,2937.0,38573.0,1.0,0.0,0.0,0.0,0.0,0.0,0.0,2937.0,38573.0,1.0
2024,60664.0,Baltimore City B,61419.0,"Luminace Solar MC, LLC",MD,PJM,0.0,0.0,0.0,161.0,2018.0,1.0,0.0,0.0,0.0,0.0,0.0,0.0,161.0,2018.0,1.0
2024,60665.0,Baltimore City D,61419.0,"Luminace Solar MC, LLC",MD,PJM,0.0,0.0,0.0,245.0,3067.0,1.0,0.0,0.0,0.0,0.0,0.0,0.0,245.0,3067.0,1.0
2024,60666.0,Baltimore City F,61419.0,"Luminace Solar MC, LLC",MD,PJM,0.0,0.0,0.0,244.0,3053.0,1.0,0.0,0.0,0.0,0.0,0.0,0.0,244.0,3053.0,1.0
2024,60667.0,Baltimore City G,61419.0,"Luminace Solar MC, LLC",MD,PJM,0.0,0.0,0.0,235.0,2937.0,1.0,0.0,0.0,0.0,0.0,0.0,0.0,235.0,2937.0,1.0
2024,63298.0,"Barrette Outdoor Living, Inc.",66130.0,Dynamic Energy Holdings LLC,NJ,PJM,0.0,0.0,0.0,74.0,2649.0,1.0,0.0,0.0,0.0,0.0,0.0,0.0,74.0,2649.0,1.0
2024,68625.0,Bates College Skowhegan,65330.0,"Westbound Solar 3, LLC",ME,ISNE,0.0,0.0,0.0,215.0,8401.0,1.0,0.0,0.0,0.0,0.0,0.0,0.0,215.0,8401.0,1.0
2024,66798.0,"Bayer - Whippany, NJ",64872.0,"Distributed Solar Development, LLC",NJ,PJM,0.0,0.0,0.0,144.0,2347.0,1.0,0.0,0.0,0.0,0.0,0.0,0.0,144.0,2347.0,1.0
2024,10298.0,Bayou Cogen Plant,327.0,Air Liquide Large Industries U S LP,TX,ERCO,0.0,0.0,0.0,0.0,0.0,0.0,8577.0,277243.0,1.0,0.0,0.0,0.0,8577.0,277243.0,1.0
2024,55327.0,Baytown Energy Center,2838.0,Baytown Energy Center LLC,TX,ERCO,0.0,0.0,0.0,0.0,0.0,0.0,25768.0,1772445.0,1.0,0.0,0.0,0.0,25768.0,1772445.0,1.0
2024,62074.0,"Bd of Educ of Queen Anne's Cnty, Cnty HS",57313.0,Tesla Inc.,MD,PJM,0.0,0.0,0.0,180.0,2618.0,1.0,0.0,0.0,0.0,0.0,0.0,0.0,180.0,2618.0,1.0
2024,59546.0,Beaver Solar LLC,59287.0,Laurel Capital Partners,PA,PJM,0.0,0.0,0.0,0.0,0.0,0.0,1.0,73.0,1.0,0.0,0.0,0.0,1.0,73.0,1.0
2024,63262.0,Becton Canaan,63058.0,"DG Northeast 1, LLC",CT,ISNE,0.0,0.0,0.0,208.0,3293.0,1.0,0.0,0.0,0.0,0.0,0.0,0.0,208.0,3293.0,1.0
2024,57733.0,Benjamin Moore & Co. Solar,57044.0,"Luminace Solar New Jersey, LLC",NJ,PJM,0.0,0.0,0.0,0.0,0.0,0.0,369.0,1940.0,1.0,0.0,0.0,0.0,369.0,1940.0,1.0
2024,63200.0,"Bergenmand Solar Partners, LLC Mahwah",60474.0,"Vanguard Energy Partners, LLC",NJ,PJM,0.0,0.0,0.0,58.0,1613.0,1.0,0.0,0.0,0.0,0.0,0.0,0.0,58.0,1613.0,1.0
2024,58890.0,Beringer,58759.0,Perpetual Energy Systems,CA,CISO,0.0,0.0,0.0,475.0,1424.0,1.0,0.0,0.0,0.0,0.0,0.0,0.0,475.0,1424.0,1.0
2024,58624.0,Berkshire 1,58578.0,PPS Berkshire Solar LLC,MA,ISNE,0.0,0.0,0.0,257.0,2387.0,1.0,0.0,0.0,0.0,0.0,0.0,0.0,257.0,2387.0,1.0
2024,65073.0,Berrenda Mesa Water District,65155.0,The Greater Light USA LLC,CA,CISO,0.0,0.0,0.0,0.0,16495.0,1.0,0.0,0.0,0.0,0.0,0.0,0.0,0.0,16495.0,1.0
2024,59097.0,Berry Plastics Solar,61944.0,MN8 Energy LLC,NJ,PJM,0.0,0.0,0.0,254.0,14479.0,1.0,0.0,0.0,0.0,0.0,0.0,0.0,254.0,14479.0,1.0
2024,66799.0,Bishop Ranch - BR 1-Y,64872.0,"Distributed Solar Development, LLC",CA,CISO,0.0,0.0,0.0,324.0,1714.0,1.0,0.0,0.0,0.0,0.0,0.0,0.0,324.0,1714.0,1.0
2024,67743.0,Bishop Ranch BR 1-X,66355.0,Bollinger Canyon Road BR 1-X Solar Project 2020,CA,CISO,0.0,0.0,0.0,306.0,1554.0,1.0,0.0,0.0,0.0,0.0,0.0,0.0,306.0,1554.0,1.0
2024,64143.0,Bloom-Altice Fuel Cell,60571.0,"AEP Onsite Partners, LLC",NY,NYIS,0.0,0.0,0.0,1402.0,15597.0,1.0,0.0,0.0,0.0,0.0,0.0,0.0,1402.0,15597.0,1.0
2024,62607.0,Bloomfield Municipal Utilities Solar,60571.0,"AEP Onsite Partners, LLC",IA,MISO,0.0,0.0,0.0,197.0,2012.0,1.0,0.0,0.0,0.0,0.0,0.0,0.0,197.0,2012.0,1.0
2024,62077.0,Blue Shld Of Cal- El Dorado Hlls Mtr B,57313.0,Tesla Inc.,CA,,0.0,0.0,0.0,401.0,2790.0,1.0,0.0,0.0,0.0,0.0,0.0,0.0,401.0,2790.0,1.0
2024,63910.0,Bluegrass Solar,61944.0,MN8 Energy LLC,MD,PJM,0.0,0.0,0.0,16973.0,158097.0,1.0,0.0,0.0,0.0,0.0,0.0,0.0,16973.0,158097.0,1.0
2024,56862.0,Bolthouse S&P and Rowen Farms Solar,56105.0,MMA WBF Power LP,CA,CISO,0.0,0.0,0.0,7.0,67.0,1.0,0.0,0.0,0.0,0.0,0.0,0.0,7.0,67.0,1.0
2024,61915.0,Bowie State Solar,63249.0,Terraform Arcadia,MD,PJM,0.0,0.0,0.0,40.0,372.0,1.0,0.0,0.0,0.0,0.0,0.0,0.0,40.0,372.0,1.0
2024,67458.0,Boyd Soccerplex,65043.0,Madison Energy Investments LLC,MD,PJM,0.0,0.0,0.0,38.0,358.0,1.0,0.0,0.0,0.0,0.0,0.0,0.0,38.0,358.0,1.0
2024,58327.0,Bradley Energy Center,58300.0,Ameresco Select Inc,CT,ISNE,0.0,0.0,0.0,344.0,13540.0,1.0,0.0,0.0,0.0,0.0,0.0,0.0,344.0,13540.0,1.0
2024,64580.0,Broadway 2 - Tucson Phase II,61944.0,MN8 Energy LLC,AZ,TEPC,0.0,0.0,0.0,235.0,2071.0,1.0,0.0,0.0,0.0,0.0,0.0,0.0,235.0,2071.0,1.0
2024,64579.0,Broadway 2 - UC Riverside,61944.0,MN8 Energy LLC,CA,CISO,0.0,0.0,0.0,207.0,2249.0,1.0,0.0,0.0,0.0,0.0,0.0,0.0,207.0,2249.0,1.0
2024,65185.0,Broadway 3 - Tucson Phase I,61944.0,MN8 Energy LLC,AZ,TEPC,0.0,0.0,0.0,384.0,1628.0,1.0,0.0,0.0,0.0,0.0,0.0,0.0,384.0,1628.0,1.0
2024,65186.0,Broadway 3 - UC Merced 1,61944.0,MN8 Energy LLC,CA,CISO,0.0,0.0,0.0,159.0,901.0,1.0,0.0,0.0,0.0,0.0,0.0,0.0,159.0,901.0,1.0
2024,65187.0,Broadway 3 - UCSB Lot 38,61944.0,MN8 Energy LLC,CA,CISO,0.0,0.0,0.0,312.0,2619.0,1.0,0.0,0.0,0.0,0.0,0.0,0.0,312.0,2619.0,1.0
2024,65188.0,Broadway 4 - Target Shafter,61944.0,MN8 Energy LLC,CA,CISO,0.0,0.0,0.0,255.0,2964.0,1.0,0.0,0.0,0.0,0.0,0.0,0.0,255.0,2964.0,1.0
2024,60507.0,Broome County,57313.0,Tesla Inc.,NY,NYIS,0.0,0.0,0.0,425.0,5400.0,1.0,0.0,0.0,0.0,0.0,0.0,0.0,425.0,5400.0,1.0
2024,67084.0,Buckeye Power Inc.,65988.0,"Township Road 215 Solar Project 2021, LLC",OH,PJM,0.0,0.0,0.0,221.0,3645.0,1.0,0.0,0.0,0.0,0.0,0.0,0.0,221.0,3645.0,1.0
2024,58037.0,Buckeye Union HS District 201,57408.0,"Luminace Solar Arizona, LLC",AZ,AZPS,0.0,0.0,0.0,891.0,6850.0,1.0,0.0,0.0,0.0,0.0,0.0,0.0,891.0,6850.0,1.0
2024,62240.0,"Burgaw Solar, LLC",63184.0,CI-II Mitchell Holding LLC,NC,CPLE,0.0,0.0,0.0,402.0,6392.0,1.0,0.0,0.0,0.0,0.0,0.0,0.0,402.0,6392.0,1.0
2024,62712.0,Burlington Coat Factory Solar,62155.0,"DG Northeast Solar II, LLC",NJ,PJM,0.0,0.0,0.0,290.0,4587.0,1.0,0.0,0.0,0.0,0.0,0.0,0.0,290.0,4587.0,1.0
2024,65104.0,CA - DGS RFP - RJ Donovan State Prison,62856.0,"Forefront Power, LLC",CA,CISO,0.0,0.0,0.0,382.0,5140.0,1.0,0.0,0.0,0.0,0.0,0.0,0.0,382.0,5140.0,1.0
2024,65528.0,CA - Fresno County - Juvenile Hall,62856.0,"Forefront Power, LLC",CA,CISO,0.0,0.0,0.0,39.0,552.0,1.0,0.0,0.0,0.0,0.0,0.0,0.0,39.0,552.0,1.0
2024,65615.0,CA - Madera USD - Madera South HS,62856.0,"Forefront Power, LLC",CA,CISO,0.0,0.0,0.0,301.0,2308.0,1.0,0.0,0.0,0.0,0.0,0.0,0.0,301.0,2308.0,1.0
2024,65365.0,CA - Ventura Co CCD - Moorpark College,62856.0,"Forefront Power, LLC",CA,CISO,0.0,0.0,0.0,540.0,4504.0,1.0,0.0,0.0,0.0,0.0,0.0,0.0,540.0,4504.0,1.0
2024,60428.0,CA Dept of Public Health at Richmond,58540.0,California PV Energy LLC,CA,CISO,0.0,0.0,0.0,399.0,3992.0,1.0,0.0,0.0,0.0,0.0,0.0,0.0,399.0,3992.0,1.0
2024,66476.0,CA Jurupa Valley 3251 De Forest Circle,65513.0,Catalyze Mira Loma 3251 De Forest Circle Microgrid LLC,CA,CISO,0.0,0.0,0.0,0.0,0.0,0.0,566.0,4687.0,1.0,0.0,0.0,0.0,566.0,4687.0,1.0
2024,66509.0,CA Manteca 730 Spreckels Ave,65514.0,Catalyze Manteca 730 Spreckels Avenue Microgrid LLC,CA,CISO,0.0,0.0,0.0,0.0,0.0,0.0,13.0,323.0,1.0,0.0,0.0,0.0,13.0,323.0,1.0
2024,65526.0,CA-DGS RFP-Pleasant Valley State Prison,62856.0,"Forefront Power, LLC",CA,CISO,0.0,0.0,0.0,583.0,3978.0,1.0,0.0,0.0,0.0,0.0,0.0,0.0,583.0,3978.0,1.0
2024,65525.0,CA-DGS RFP-Salinas Valley State Prison,62856.0,"Forefront Power, LLC",CA,CISO,0.0,0.0,0.0,463.0,6846.0,1.0,0.0,0.0,0.0,0.0,0.0,0.0,463.0,6846.0,1.0
2024,65524.0,CA-DGS- RFP-Correctional Training Fac,62856.0,"Forefront Power, LLC",CA,CISO,0.0,0.0,0.0,351.0,3352.0,1.0,0.0,0.0,0.0,0.0,0.0,0.0,351.0,3352.0,1.0
2024,65105.0,CA-DGS-California Correctional Inst,62856.0,"Forefront Power, LLC",CA,CISO,0.0,0.0,0.0,458.0,7334.0,1.0,0.0,0.0,0.0,0.0,0.0,0.0,458.0,7334.0,1.0
2024,65523.0,CA-DGS-California Men's Colony,62856.0,"Forefront Power, LLC",CA,CISO,0.0,0.0,0.0,404.0,4552.0,1.0,0.0,0.0,0.0,0.0,0.0,0.0,404.0,4552.0,1.0
2024,65447.0,CA-Ventura Co CCD-Oxnard College Canopy,62856.0,"Forefront Power, LLC",CA,CISO,0.0,0.0,0.0,329.0,2719.0,1.0,0.0,0.0,0.0,0.0,0.0,0.0,329.0,2719.0,1.0
2024,60036.0,CCBC-Catonsville,58491.0,"Luminace Solar Holding, LLC",MD,PJM,0.0,0.0,0.0,203.0,2538.0,1.0,0.0,0.0,0.0,0.0,0.0,0.0,203.0,2538.0,1.0
2024,59248.0,CCMUA,59063.0,"Camden Solar Center, LLC",NJ,PJM,0.0,0.0,0.0,40.0,823.0,1.0,0.0,0.0,0.0,0.0,0.0,0.0,40.0,823.0,1.0
2024,63971.0,CCUA Solar,63625.0,"CCUA Solar, LLC",NJ,PJM,0.0,0.0,0.0,0.0,0.0,0.0,121.0,2591.0,1.0,0.0,0.0,0.0,121.0,2591.0,1.0
2024,61620.0,CDCR (CA) - Corcoran State Prison,61225.0,"SunE Corcoran SP Owner, LLC",CA,CISO,0.0,0.0,0.0,693.0,6931.0,1.0,0.0,0.0,0.0,0.0,0.0,0.0,693.0,6931.0,1.0
2024,59748.0,CDCR (CA) - Pleasant Valley State Prison,59512.0,"Team-Solar, Inc.",CA,CISO,0.0,0.0,0.0,282.0,2822.0,1.0,0.0,0.0,0.0,0.0,0.0,0.0,282.0,2822.0,1.0
2024,61619.0,CDCR (CA) - Solano State Prison,61224.0,"SunE Solano SP Owner, LLC",CA,CISO,0.0,0.0,0.0,281.0,2278.0,1.0,0.0,0.0,0.0,0.0,0.0,0.0,281.0,2278.0,1.0
2024,61621.0,CDCR (CA) - Wasco State Prison,61226.0,"SunE Wasco SP Owner, LLC",CA,CISO,0.0,0.0,0.0,333.0,3325.0,1.0,0.0,0.0,0.0,0.0,0.0,0.0,333.0,3325.0,1.0
2024,60201.0,CES Cherry Hill Solar,57365.0,Consolidated Edison Solutions Inc.,NJ,PJM,0.0,0.0,0.0,0.0,0.0,0.0,237.0,1674.0,1.0,0.0,0.0,0.0,237.0,1674.0,1.0
2024,60029.0,CES VMT Solar,57365.0,Consolidated Edison Solutions Inc.,MD,PJM,0.0,0.0,0.0,0.0,0.0,0.0,165.0,1445.0,1.0,0.0,0.0,0.0,165.0,1445.0,1.0
2024,63204.0,CID Solar (CA),62988.0,DG California Solar LLC,CA,CISO,0.0,0.0,0.0,0.0,0.0,0.0,365.0,3885.0,1.0,0.0,0.0,0.0,365.0,3885.0,1.0
2024,60225.0,CMEEC - Bozrah,57313.0,Tesla Inc.,CT,ISNE,0.0,0.0,0.0,367.0,3031.0,1.0,0.0,0.0,0.0,0.0,0.0,0.0,367.0,3031.0,1.0
2024,60608.0,CMEEC - Navy NE Trident,57313.0,Tesla Inc.,CT,ISNE,0.0,0.0,0.0,154.0,1274.0,1.0,0.0,0.0,0.0,0.0,0.0,0.0,154.0,1274.0,1.0
2024,60609.0,CMEEC - Norwich Stott St Solar Hybrid,57313.0,Tesla Inc.,CT,ISNE,0.0,0.0,0.0,765.0,4342.0,1.0,0.0,0.0,0.0,0.0,0.0,0.0,765.0,4342.0,1.0
2024,60607.0,CMEEC - Polaris Park Solar Hybrid,57313.0,Tesla Inc.,CT,ISNE,0.0,0.0,0.0,765.0,4971.0,1.0,0.0,0.0,0.0,0.0,0.0,0.0,765.0,4971.0,1.0
2024,60605.0,CMEEC - Rogers Rd Solar,57313.0,Tesla Inc.,CT,ISNE,0.0,0.0,0.0,178.0,875.0,1.0,0.0,0.0,0.0,0.0,0.0,0.0,178.0,875.0,1.0
2024,68327.0,CP East Hampton I & II Solar,56990.0,NJR Clean Energy Ventures Corporation,CT,ISNE,0.0,0.0,0.0,360.0,3317.0,1.0,0.0,0.0,0.0,0.0,0.0,0.0,360.0,3317.0,1.0
2024,52147.0,CP Kelco San Diego Plant,3221.0,CP Kelco US Inc.,CA,CISO,0.0,0.0,0.0,0.0,0.0,0.0,5.0,72.0,1.0,0.0,0.0,0.0,5.0,72.0,1.0
2024,59130.0,CSD 2 - Heritage High,65164.0,CleanCapital Holdings,CA,CISO,0.0,0.0,0.0,555.0,1892.0,1.0,0.0,0.0,0.0,0.0,0.0,0.0,555.0,1892.0,1.0
2024,59129.0,CSD 2- Freedom High,65164.0,CleanCapital Holdings,CA,CISO,0.0,0.0,0.0,408.0,1390.0,1.0,0.0,0.0,0.0,0.0,0.0,0.0,408.0,1390.0,1.0
2024,56813.0,CSU Fresno Solar Project,56028.0,MMA Fresno Power LP,CA,CISO,0.0,0.0,0.0,298.0,1438.0,1.0,0.0,0.0,0.0,0.0,0.0,0.0,298.0,1438.0,1.0
2024,62028.0,CSU Long Beach Lots 7 & 14,61944.0,MN8 Energy LLC,CA,CISO,0.0,0.0,0.0,923.0,6878.0,1.0,0.0,0.0,0.0,0.0,0.0,0.0,923.0,6878.0,1.0
2024,58481.0,CSU Pueblo,65242.0,"Scale Sustainable I, LLC",CO,WACM,0.0,0.0,0.0,206.0,1781.0,1.0,0.0,0.0,0.0,0.0,0.0,0.0,206.0,1781.0,1.0
2024,67516.0,CSU Sacramento I,66238.0,BluePath Solar Sacramento I LLC,CA,BANC,0.0,0.0,0.0,234.0,2071.0,1.0,0.0,0.0,0.0,0.0,0.0,0.0,234.0,2071.0,1.0
2024,64401.0,CSU San Jose State University,63432.0,SkyHigh 2 Solar,CA,CISO,0.0,0.0,0.0,183.0,2128.0,1.0,0.0,0.0,0.0,0.0,0.0,0.0,183.0,2128.0,1.0
2024,60979.0,CSUF Nutwood Solar,61944.0,MN8 Energy LLC,CA,CISO,0.0,0.0,0.0,388.0,3060.0,1.0,0.0,0.0,0.0,0.0,0.0,0.0,388.0,3060.0,1.0
2024,60978.0,CSUF State College,61944.0,MN8 Energy LLC,CA,CISO,0.0,0.0,0.0,201.0,1580.0,1.0,0.0,0.0,0.0,0.0,0.0,0.0,201.0,1580.0,1.0
2024,58386.0,CU Solar Plant,58373.0,CU Solar LLC,OH,PJM,0.0,0.0,0.0,326.0,2160.0,1.0,0.0,0.0,0.0,0.0,0.0,0.0,326.0,2160.0,1.0
2024,67296.0,CVEC Round 4 Brewster Captn Golf Course,66160.0,"Freemans Way Solar Project 2019, LLC",MA,ISNE,0.0,0.0,0.0,239.0,1104.0,1.0,0.0,0.0,0.0,0.0,0.0,0.0,239.0,1104.0,1.0
2024,67179.0,Cabrillo College,62856.0,"Forefront Power, LLC",CA,CISO,0.0,0.0,0.0,451.0,4310.0,1.0,0.0,0.0,0.0,0.0,0.0,0.0,451.0,4310.0,1.0
2024,59283.0,California PV Energy at ISD WWTP,58540.0,California PV Energy LLC,CA,CISO,0.0,0.0,0.0,0.0,0.0,0.0,295.0,1966.0,1.0,0.0,0.0,0.0,295.0,1966.0,1.0
2024,64403.0,California State Univ at Channel Islands,63432.0,SkyHigh 2 Solar,CA,CISO,0.0,0.0,0.0,490.0,7754.0,1.0,0.0,0.0,0.0,0.0,0.0,0.0,490.0,7754.0,1.0
2024,55308.0,Calvert City,57295.0,DTE Calvert City LLC,KY,TVA,0.0,0.0,0.0,0.0,0.0,0.0,7418.0,129710.0,3.0,0.0,0.0,0.0,7418.0,129710.0,3.0
2024,50850.0,CamChino Leasing LLC,14265.0,CamChino Leasing LLC,CA,CISO,0.0,0.0,0.0,0.0,0.0,0.0,1453.0,11989.0,1.0,0.0,0.0,0.0,1453.0,11989.0,1.0
2024,61604.0,Camden CSD Solar Array,60571.0,"AEP Onsite Partners, LLC",NY,NYIS,0.0,0.0,0.0,211.0,1981.0,1.0,0.0,0.0,0.0,0.0,0.0,0.0,211.0,1981.0,1.0
2024,66089.0,Canal Road Solar,56990.0,NJR Clean Energy Ventures Corporation,NJ,PJM,0.0,0.0,0.0,320.0,6547.0,1.0,0.0,0.0,0.0,0.0,0.0,0.0,320.0,6547.0,1.0
2024,65705.0,Canoe Brook Solar,56990.0,NJR Clean Energy Ventures Corporation,NJ,PJM,0.0,0.0,0.0,620.0,10927.0,1.0,0.0,0.0,0.0,0.0,0.0,0.0,620.0,10927.0,1.0
2024,60685.0,Canyon Del Oro High School Solar,60404.0,"Luminace Solar Arizona 2, LLC",AZ,TEPC,0.0,0.0,0.0,245.0,2449.0,1.0,0.0,0.0,0.0,0.0,0.0,0.0,245.0,2449.0,1.0
2024,63016.0,Carolina Lily Solar,62872.0,"Carolina Lily Solar, LLC",NC,DUK,0.0,0.0,0.0,455.0,6942.0,1.0,0.0,0.0,0.0,0.0,0.0,0.0,455.0,6942.0,1.0
2024,59297.0,Carrier Clinic,59100.0,"Sunlight General Solar Fund II, LLC",NJ,PJM,0.0,0.0,0.0,175.0,1647.0,1.0,0.0,0.0,0.0,0.0,0.0,0.0,175.0,1647.0,1.0
2024,67000.0,Cawelo Water District Solar,65913.0,"Scooby Solar, LLC",CA,CISO,0.0,0.0,0.0,560.0,6858.0,1.0,0.0,0.0,0.0,0.0,0.0,0.0,560.0,6858.0,1.0
2024,60353.0,Cecil County CCVT HS,60150.0,"SunE DB42, LLC",MD,PJM,0.0,0.0,0.0,256.0,3426.0,1.0,0.0,0.0,0.0,0.0,0.0,0.0,256.0,3426.0,1.0
2024,65623.0,Cedar Creek (NJ),60281.0,"Altus Power America Management, LLC",NJ,PJM,0.0,0.0,0.0,322.0,2230.0,1.0,0.0,0.0,0.0,0.0,0.0,0.0,322.0,2230.0,1.0
2024,63439.0,Central CA Fuel Cell 1,65297.0,Central CA Fuel Cell 1,CA,CISO,0.0,0.0,0.0,1460.0,17355.0,1.0,0.0,0.0,0.0,0.0,0.0,0.0,1460.0,17355.0,1.0
2024,65233.0,Chambers 3 - Erie County Alden,61944.0,MN8 Energy LLC,NY,NYIS,0.0,0.0,0.0,262.0,2690.0,1.0,0.0,0.0,0.0,0.0,0.0,0.0,262.0,2690.0,1.0
2024,65232.0,Chambers 3 - Lewis County,61944.0,MN8 Energy LLC,NY,NYIS,0.0,0.0,0.0,229.0,2907.0,1.0,0.0,0.0,0.0,0.0,0.0,0.0,229.0,2907.0,1.0
2024,65255.0,Chambers 4 - Eastvale DCA2,61944.0,MN8 Energy LLC,CA,CISO,0.0,0.0,0.0,250.0,424.0,1.0,0.0,0.0,0.0,0.0,0.0,0.0,250.0,424.0,1.0
2024,65238.0,Chambers 4 - Eastvale LGB3,61944.0,MN8 Energy LLC,CA,CISO,0.0,0.0,0.0,275.0,3937.0,1.0,0.0,0.0,0.0,0.0,0.0,0.0,275.0,3937.0,1.0
2024,65253.0,Chambers 4 - Rialto LGB8,61944.0,MN8 Energy LLC,CA,CISO,0.0,0.0,0.0,319.0,4265.0,1.0,0.0,0.0,0.0,0.0,0.0,0.0,319.0,4265.0,1.0
2024,65254.0,Chambers 4 - Sacramento SMF1,61944.0,MN8 Energy LLC,CA,,0.0,0.0,0.0,161.0,2280.0,1.0,0.0,0.0,0.0,0.0,0.0,0.0,161.0,2280.0,1.0
2024,65256.0,Chambers 4 - San Bernardino SNA7,61944.0,MN8 Energy LLC,CA,CISO,0.0,0.0,0.0,315.0,594.0,1.0,0.0,0.0,0.0,0.0,0.0,0.0,315.0,594.0,1.0
2024,55187.0,Channelview Cogeneration Plant,56380.0,EIF Channelview Cogeneration LLC,TX,ERCO,0.0,0.0,0.0,0.0,0.0,0.0,60724.0,2573012.0,1.0,0.0,0.0,0.0,60724.0,2573012.0,1.0
2024,63967.0,Charter Durabar at Woodstock,63511.0,"Luminace Solar Illinois 2, LLC",IL,PJM,0.0,0.0,0.0,94.0,3139.0,1.0,0.0,0.0,0.0,0.0,0.0,0.0,94.0,3139.0,1.0
2024,60465.0,Chesapeake College,57313.0,Tesla Inc.,MD,PJM,0.0,0.0,0.0,112.0,2372.0,1.0,0.0,0.0,0.0,0.0,0.0,0.0,112.0,2372.0,1.0
2024,59755.0,Chester Power Partners,60281.0,"Altus Power America Management, LLC",VT,ISNE,0.0,0.0,0.0,616.0,2601.0,1.0,0.0,0.0,0.0,0.0,0.0,0.0,616.0,2601.0,1.0
2024,63545.0,Chevron - Lost Hills Hybrid,61944.0,MN8 Energy LLC,CA,CISO,0.0,0.0,0.0,4346.0,64911.0,1.0,0.0,0.0,0.0,0.0,0.0,0.0,4346.0,64911.0,1.0
2024,57011.0,Chuckawalla Valley State Prison,56302.0,SunE CPA CDC1 LLC,CA,CISO,0.0,0.0,0.0,251.0,1390.0,1.0,0.0,0.0,0.0,0.0,0.0,0.0,251.0,1390.0,1.0
2024,57645.0,City & County of Denver at Denver Int'l,56974.0,"Denver Airport Solar, LLC",CO,PSCO,0.0,0.0,0.0,0.0,0.0,0.0,407.0,3994.0,1.0,0.0,0.0,0.0,407.0,3994.0,1.0
2024,57681.0,City of Boulder WWTP,57005.0,"SunE NLB-2, LLC",CO,PSCO,0.0,0.0,0.0,57.0,1177.0,1.0,0.0,0.0,0.0,0.0,0.0,0.0,57.0,1177.0,1.0
2024,67514.0,City of Green Forest (Carroll),66236.0,"Entegrity Solar Green Forest, LLC",AR,SWPP,0.0,0.0,0.0,119.0,2205.0,1.0,0.0,0.0,0.0,0.0,0.0,0.0,119.0,2205.0,1.0
2024,60668.0,City of Havre De Grace C,61419.0,"Luminace Solar MC, LLC",MD,PJM,0.0,0.0,0.0,299.0,3323.0,1.0,0.0,0.0,0.0,0.0,0.0,0.0,299.0,3323.0,1.0
2024,67994.0,City of Long Beach Airport Lot A & B,66541.0,"Solar DG CA Long Beach, LLC",CA,LDWP,0.0,0.0,0.0,340.0,2834.0,2.0,0.0,0.0,0.0,0.0,0.0,0.0,340.0,2834.0,2.0
2024,57682.0,City of Madera WWTP,57006.0,"SunE GIL1, LLC",CA,CISO,0.0,0.0,0.0,243.0,1426.0,1.0,0.0,0.0,0.0,0.0,0.0,0.0,243.0,1426.0,1.0
2024,59329.0,City of Soledad Water Reclamation,56930.0,"Foundation HA Energy Generation, LLC",CA,CISO,0.0,0.0,0.0,0.0,0.0,0.0,575.0,3982.0,1.0,0.0,0.0,0.0,575.0,3982.0,1.0
2024,66469.0,Clovis East High School,57313.0,Tesla Inc.,CA,CISO,0.0,0.0,0.0,223.0,1479.0,1.0,0.0,0.0,0.0,0.0,0.0,0.0,223.0,1479.0,1.0
2024,66468.0,Clovis High School,57313.0,Tesla Inc.,CA,CISO,0.0,0.0,0.0,115.0,826.0,1.0,0.0,0.0,0.0,0.0,0.0,0.0,115.0,826.0,1.0
2024,66470.0,Clovis North High School,57313.0,Tesla Inc.,CA,CISO,0.0,0.0,0.0,219.0,1463.0,1.0,0.0,0.0,0.0,0.0,0.0,0.0,219.0,1463.0,1.0
2024,60923.0,Clyde Solar Array,60571.0,"AEP Onsite Partners, LLC",OH,PJM,0.0,0.0,0.0,317.0,4232.0,1.0,0.0,0.0,0.0,0.0,0.0,0.0,317.0,4232.0,1.0
2024,63830.0,Conagra Foods at St. Elmo,63511.0,"Luminace Solar Illinois 2, LLC",IL,MISO,0.0,0.0,0.0,65.0,3238.0,1.0,0.0,0.0,0.0,0.0,0.0,0.0,65.0,3238.0,1.0
2024,60228.0,Conn Mun Electric Energy Coop,57313.0,Tesla Inc.,CT,ISNE,0.0,0.0,0.0,133.0,1143.0,1.0,0.0,0.0,0.0,0.0,0.0,0.0,133.0,1143.0,1.0
2024,63358.0,Corbin Russwin Phase 3 Berlin,62067.0,Powerflex,CT,ISNE,0.0,0.0,0.0,132.0,1711.0,1.0,0.0,0.0,0.0,0.0,0.0,0.0,132.0,1711.0,1.0
2024,60450.0,Corcoran,63249.0,Terraform Arcadia,CA,CISO,0.0,0.0,0.0,366.0,1659.0,1.0,0.0,0.0,0.0,0.0,0.0,0.0,366.0,1659.0,1.0
2024,60150.0,Cornell Geneva Solar Farm,59942.0,Argos Solar LLC,NY,NYIS,0.0,0.0,0.0,352.0,3175.0,1.0,0.0,0.0,0.0,0.0,0.0,0.0,352.0,3175.0,1.0
2024,59470.0,Cornell Snyder Road Solar Array,59237.0,"Ulysses Solar, LLC",NY,NYIS,0.0,0.0,0.0,123.0,1581.0,1.0,0.0,0.0,0.0,0.0,0.0,0.0,123.0,1581.0,1.0
2024,55206.0,Corpus Christi Energy Center,4383.0,Corpus Christi Cogeneration LLC,TX,ERCO,0.0,0.0,0.0,0.0,0.0,0.0,12142.0,473793.0,1.0,0.0,0.0,0.0,12142.0,473793.0,1.0
2024,67835.0,Costa View Farms,66410.0,"127 CVF, LLC",CA,CISO,0.0,0.0,0.0,368.0,5153.0,1.0,0.0,0.0,0.0,0.0,0.0,0.0,368.0,5153.0,1.0
2024,58881.0,County College of Morris,58753.0,Sunlight General Morris Solar LLC,NJ,PJM,0.0,0.0,0.0,333.0,3713.0,1.0,0.0,0.0,0.0,0.0,0.0,0.0,333.0,3713.0,1.0
2024,62507.0,County Route 11 Community Solar Farm,63244.0,"KSI II Consolidated, LLC",NY,NYIS,0.0,0.0,0.0,219.0,2250.0,1.0,0.0,0.0,0.0,0.0,0.0,0.0,219.0,2250.0,1.0
2024,64445.0,"County of Dutchess, NY (Airport)",57313.0,Tesla Inc.,NY,NYIS,0.0,0.0,0.0,237.0,2672.0,1.0,0.0,0.0,0.0,0.0,0.0,0.0,237.0,2672.0,1.0
2024,64601.0,County of San Diego COC Hybrid,62854.0,"Solar Star California LXXVIII, LLC",CA,CISO,0.0,0.0,0.0,383.0,3120.0,1.0,0.0,0.0,0.0,0.0,0.0,0.0,383.0,3120.0,1.0
2024,62242.0,County of San Diego SBRC,61944.0,MN8 Energy LLC,CA,CISO,0.0,0.0,0.0,261.0,2311.0,1.0,0.0,0.0,0.0,0.0,0.0,0.0,261.0,2311.0,1.0
2024,67515.0,Crossett SD,66237.0,"Entegrity Solar Crossett SD, LLC",AR,MISO,0.0,0.0,0.0,119.0,2157.0,1.0,0.0,0.0,0.0,0.0,0.0,0.0,119.0,2157.0,1.0
2024,60453.0,"Cummins, Inc",63249.0,Terraform Arcadia,NY,NYIS,0.0,0.0,0.0,119.0,1485.0,1.0,0.0,0.0,0.0,0.0,0.0,0.0,119.0,1485.0,1.0
2024,67235.0,Cunningham Solar LLC,61230.0,"Arevon Energy, Inc.",VA,PJM,0.0,0.0,0.0,423.0,8238.0,1.0,0.0,0.0,0.0,0.0,0.0,0.0,423.0,8238.0,1.0
2024,63286.0,DG Amaze ACY1,63071.0,"DG Amaze New Jersey, LLC",NJ,PJM,0.0,0.0,0.0,1088.0,5180.0,1.0,0.0,0.0,0.0,0.0,0.0,0.0,1088.0,5180.0,1.0
2024,61515.0,DG Camden LLC Holtec,61113.0,"DG Camden, LLC",NJ,PJM,0.0,0.0,0.0,0.0,0.0,0.0,136.0,3477.0,1.0,0.0,0.0,0.0,136.0,3477.0,1.0
2024,62586.0,DG Florham Park Solar LLC,62084.0,DG Florham Park Solar LLC,NJ,PJM,0.0,0.0,0.0,0.0,0.0,0.0,301.0,2619.0,1.0,0.0,0.0,0.0,301.0,2619.0,1.0
2024,62958.0,DG Infineum,62801.0,DG Linden New Jersey LLC,NJ,PJM,0.0,0.0,0.0,70.0,2532.0,1.0,0.0,0.0,0.0,0.0,0.0,0.0,70.0,2532.0,1.0
2024,62957.0,DG Iron Mountain,62800.0,DG Edison New Jersey LLC,NJ,PJM,0.0,0.0,0.0,589.0,6043.0,1.0,0.0,0.0,0.0,0.0,0.0,0.0,589.0,6043.0,1.0
2024,61507.0,DG New Jersey Solar RLS Logistics,61111.0,"DG New Jersey Solar, LLC",NJ,PJM,0.0,0.0,0.0,269.0,3350.0,1.0,0.0,0.0,0.0,0.0,0.0,0.0,269.0,3350.0,1.0
2024,63419.0,DGS Central California Womens Facility,62856.0,"Forefront Power, LLC",CA,CISO,0.0,0.0,0.0,418.0,3683.0,1.0,0.0,0.0,0.0,0.0,0.0,0.0,418.0,3683.0,1.0
2024,63947.0,DGS Valley State Prison,62856.0,"Forefront Power, LLC",CA,CISO,0.0,0.0,0.0,397.0,3872.0,1.0,0.0,0.0,0.0,0.0,0.0,0.0,397.0,3872.0,1.0
2024,63418.0,DGS Wasco State Prison,62856.0,"Forefront Power, LLC",CA,CISO,0.0,0.0,0.0,511.0,4455.0,1.0,0.0,0.0,0.0,0.0,0.0,0.0,511.0,4455.0,1.0
2024,66021.0,DRPA Ashland Station Solar Project,64933.0,"Solar Star River SLB, LLC",NJ,PJM,0.0,0.0,0.0,285.0,3659.0,1.0,0.0,0.0,0.0,0.0,0.0,0.0,285.0,3659.0,1.0
2024,66028.0,DRPA Ferry Ave Station Solar Project,64933.0,"Solar Star River SLB, LLC",NJ,PJM,0.0,0.0,0.0,359.0,4622.0,1.0,0.0,0.0,0.0,0.0,0.0,0.0,359.0,4622.0,1.0
2024,65658.0,DRPA Lindenwold Station Solar Project,64933.0,"Solar Star River SLB, LLC",NJ,PJM,0.0,0.0,0.0,709.0,9110.0,1.0,0.0,0.0,0.0,0.0,0.0,0.0,709.0,9110.0,1.0
2024,66020.0,DRPA Woodcrest Station Solar Project,64933.0,"Solar Star River SLB, LLC",NJ,PJM,0.0,0.0,0.0,468.0,6021.0,1.0,0.0,0.0,0.0,0.0,0.0,0.0,468.0,6021.0,1.0
2024,59746.0,DSH (CA) - Coalinga State Hospital,59512.0,"Team-Solar, Inc.",CA,CISO,0.0,0.0,0.0,557.0,4630.0,1.0,0.0,0.0,0.0,0.0,0.0,0.0,557.0,4630.0,1.0
2024,62713.0,DSM Nutritional Products Solar,62155.0,"DG Northeast Solar II, LLC",NJ,PJM,0.0,0.0,0.0,0.0,0.0,0.0,682.0,15751.0,2.0,0.0,0.0,0.0,682.0,15751.0,2.0
2024,60739.0,DSM Solar,61944.0,MN8 Energy LLC,NJ,PJM,0.0,0.0,0.0,263.0,5624.0,1.0,0.0,0.0,0.0,0.0,0.0,0.0,263.0,5624.0,1.0
2024,61637.0,Denison Solar Array,60571.0,"AEP Onsite Partners, LLC",OH,PJM,0.0,0.0,0.0,244.0,2280.0,1.0,0.0,0.0,0.0,0.0,0.0,0.0,244.0,2280.0,1.0
2024,56815.0,Denver Int Airport,56026.0,MMA DAS Power,CO,PSCO,0.0,0.0,0.0,294.0,1540.0,1.0,0.0,0.0,0.0,0.0,0.0,0.0,294.0,1540.0,1.0
2024,59462.0,Denver Intl Airport IV Solar,59229.0,Denver Int'l Airport IV Solar,CO,SWPP,0.0,0.0,0.0,231.0,3000.0,1.0,0.0,0.0,0.0,0.0,0.0,0.0,231.0,3000.0,1.0
2024,60861.0,Dept of General Services -FTB,60518.0,"California PV Energy 2, LLC",CA,,0.0,0.0,0.0,508.0,5081.0,1.0,0.0,0.0,0.0,0.0,0.0,0.0,508.0,5081.0,1.0
2024,62946.0,Dickinson Solar,62795.0,"Dickinson Solar, LLC",PA,PJM,0.0,0.0,0.0,362.0,4177.0,1.0,0.0,0.0,0.0,0.0,0.0,0.0,362.0,4177.0,1.0
2024,61862.0,Dignity - San Martin,61944.0,MN8 Energy LLC,NV,NEVP,0.0,0.0,0.0,464.0,3423.0,1.0,0.0,0.0,0.0,0.0,0.0,0.0,464.0,3423.0,1.0
2024,61825.0,Dignity - Siena Campus,61944.0,MN8 Energy LLC,NV,NEVP,0.0,0.0,0.0,370.0,2729.0,1.0,0.0,0.0,0.0,0.0,0.0,0.0,370.0,2729.0,1.0
2024,59094.0,Division 1,57313.0,Tesla Inc.,CA,CISO,0.0,0.0,0.0,360.0,2733.0,1.0,0.0,0.0,0.0,0.0,0.0,0.0,360.0,2733.0,1.0
2024,59095.0,Division 2,57313.0,Tesla Inc.,CA,CISO,0.0,0.0,0.0,69.0,541.0,1.0,0.0,0.0,0.0,0.0,0.0,0.0,69.0,541.0,1.0
2024,59096.0,Division 3,57313.0,Tesla Inc.,CA,CISO,0.0,0.0,0.0,49.0,458.0,1.0,0.0,0.0,0.0,0.0,0.0,0.0,49.0,458.0,1.0
2024,67744.0,Dynamic Energy CT STAG,66356.0,Milford Pepes Farm Road Solar LLC,CT,ISNE,0.0,0.0,0.0,0.0,0.0,0.0,333.0,2466.0,1.0,0.0,0.0,0.0,333.0,2466.0,1.0
2024,66815.0,Dynamic Energy NJ - Ferrero,64872.0,"Distributed Solar Development, LLC",NJ,PJM,0.0,0.0,0.0,24.0,2436.0,1.0,0.0,0.0,0.0,0.0,0.0,0.0,24.0,2436.0,1.0
2024,60446.0,E&B Resources,63249.0,Terraform Arcadia,CA,CISO,0.0,0.0,0.0,296.0,2196.0,1.0,0.0,0.0,0.0,0.0,0.0,0.0,296.0,2196.0,1.0
2024,59132.0,EAFB - North Base,65164.0,CleanCapital Holdings,CA,CISO,0.0,0.0,0.0,134.0,2611.0,1.0,0.0,0.0,0.0,0.0,0.0,0.0,134.0,2611.0,1.0
2024,59133.0,EAFB - South Base,65164.0,CleanCapital Holdings,CA,CISO,0.0,0.0,0.0,122.0,2379.0,1.0,0.0,0.0,0.0,0.0,0.0,0.0,122.0,2379.0,1.0
2024,63485.0,ECP Uptown Campus,63220.0,ECP Uptown Campus LLC,PA,PJM,0.0,0.0,0.0,1274.0,20795.0,1.0,0.0,0.0,0.0,0.0,0.0,0.0,1274.0,20795.0,1.0
2024,64327.0,EDF Ph1 Toms River,61944.0,MN8 Energy LLC,NJ,PJM,0.0,0.0,0.0,1087.0,37926.0,1.0,0.0,0.0,0.0,0.0,0.0,0.0,1087.0,37926.0,1.0
2024,64406.0,EMWD - Moreno Valley RWRF,63432.0,SkyHigh 2 Solar,CA,CISO,0.0,0.0,0.0,490.0,5524.0,1.0,0.0,0.0,0.0,0.0,0.0,0.0,490.0,5524.0,1.0
2024,64396.0,EMWD - Perris Valley RWRF,63432.0,SkyHigh 2 Solar,CA,CISO,0.0,0.0,0.0,423.0,6401.0,1.0,0.0,0.0,0.0,0.0,0.0,0.0,423.0,6401.0,1.0
2024,64399.0,EMWD - San Jacinto RES BCT,63432.0,SkyHigh 2 Solar,CA,CISO,0.0,0.0,0.0,207.0,2969.0,1.0,0.0,0.0,0.0,0.0,0.0,0.0,207.0,2969.0,1.0
2024,64397.0,EMWD - San Jacinto RWRF NEM,63432.0,SkyHigh 2 Solar,CA,CISO,0.0,0.0,0.0,597.0,10196.0,1.0,0.0,0.0,0.0,0.0,0.0,0.0,597.0,10196.0,1.0
2024,64398.0,EMWD - Sun City RWRF,63432.0,SkyHigh 2 Solar,CA,CISO,0.0,0.0,0.0,263.0,3661.0,1.0,0.0,0.0,0.0,0.0,0.0,0.0,263.0,3661.0,1.0
2024,64270.0,"ESCA-LL-COLTON, LLC",62915.0,Madison Energy Holdings LLC,CA,CISO,0.0,0.0,0.0,193.0,4022.0,1.0,0.0,0.0,0.0,0.0,0.0,0.0,193.0,4022.0,1.0
2024,63889.0,"ESIL-PFCHICAGO 2, LLC",62915.0,Madison Energy Holdings LLC,IL,MISO,0.0,0.0,0.0,150.0,1666.0,1.0,0.0,0.0,0.0,0.0,0.0,0.0,150.0,1666.0,1.0
2024,63888.0,"ESIL-PFCHICAGO 3, LLC",62915.0,Madison Energy Holdings LLC,IL,MISO,0.0,0.0,0.0,71.0,2392.0,1.0,0.0,0.0,0.0,0.0,0.0,0.0,71.0,2392.0,1.0
2024,57574.0,ETS Ewing Solar Facility,61944.0,MN8 Energy LLC,NJ,PJM,0.0,0.0,0.0,120.0,1012.0,1.0,0.0,0.0,0.0,0.0,0.0,0.0,120.0,1012.0,1.0
2024,60727.0,East Orange Solar,61944.0,MN8 Energy LLC,NJ,PJM,0.0,0.0,0.0,597.0,5779.0,1.0,0.0,0.0,0.0,0.0,0.0,0.0,597.0,5779.0,1.0
2024,67517.0,El Dorado AR,66239.0,"Entegrity Solar El Dorado SD, LLC",AR,MISO,0.0,0.0,0.0,77.0,1581.0,1.0,0.0,0.0,0.0,0.0,0.0,0.0,77.0,1581.0,1.0
2024,64402.0,El Dorado County,63432.0,SkyHigh 2 Solar,CA,CISO,0.0,0.0,0.0,346.0,2924.0,1.0,0.0,0.0,0.0,0.0,0.0,0.0,346.0,2924.0,1.0
2024,66263.0,Eleven Mile Solar Center,65368.0,"Eleven Mile Solar Center, LLC",AZ,SRP,0.0,0.0,0.0,48403.0,667725.0,1.0,0.0,0.0,0.0,0.0,0.0,0.0,48403.0,667725.0,1.0
2024,59367.0,Engelhard Solar LLC,58258.0,SunRay Power LLC,NJ,PJM,0.0,0.0,0.0,93.0,1008.0,1.0,0.0,0.0,0.0,0.0,0.0,0.0,93.0,1008.0,1.0
2024,62662.0,"Ennis Solar, LLC",63184.0,CI-II Mitchell Holding LLC,NC,CPLE,0.0,0.0,0.0,363.0,5811.0,1.0,0.0,0.0,0.0,0.0,0.0,0.0,363.0,5811.0,1.0
2024,60230.0,Estrella Mountain PV,57313.0,Tesla Inc.,AZ,AZPS,0.0,0.0,0.0,196.0,3842.0,1.0,0.0,0.0,0.0,0.0,0.0,0.0,196.0,3842.0,1.0
2024,58261.0,FAA NorCal TRACON,58238.0,Enfinity NorCal 1 FAA LLC,CA,,0.0,0.0,0.0,229.0,1586.0,1.0,0.0,0.0,0.0,0.0,0.0,0.0,229.0,1586.0,1.0
2024,57506.0,FRV SI Transport Solar LP,65924.0,"FRV SI Transport Solar, L.P. (Sacremento)",CA,CISO,0.0,0.0,0.0,325.0,1371.0,1.0,0.0,0.0,0.0,0.0,0.0,0.0,325.0,1371.0,1.0
2024,67518.0,Fayetteville Public Schools (Ozarks),66240.0,"Nabholz Solar FPS Ozarks, LLC",AR,SWPP,0.0,0.0,0.0,105.0,2155.0,1.0,0.0,0.0,0.0,0.0,0.0,0.0,105.0,2155.0,1.0
2024,67519.0,Fayetteville Public Schools (SWEPCO),66241.0,"Nabholz Solar FPS, LLC",AR,MISO,0.0,0.0,0.0,422.0,8654.0,1.0,0.0,0.0,0.0,0.0,0.0,0.0,422.0,8654.0,1.0
2024,64919.0,FedEx Chicago Solar Facility,63505.0,"DG Illinois Solar, LLC",IL,PJM,0.0,0.0,0.0,187.0,2060.0,1.0,0.0,0.0,0.0,0.0,0.0,0.0,187.0,2060.0,1.0
2024,57776.0,FedEx Woodbridge,65242.0,"Scale Sustainable I, LLC",NJ,PJM,0.0,0.0,0.0,154.0,2092.0,1.0,0.0,0.0,0.0,0.0,0.0,0.0,154.0,2092.0,1.0
2024,64391.0,Firestone Walker Brewery - Phase 1,63432.0,SkyHigh 2 Solar,CA,CISO,0.0,0.0,0.0,267.0,3336.0,1.0,0.0,0.0,0.0,0.0,0.0,0.0,267.0,3336.0,1.0
2024,62043.0,First Baptist Church of Glenarden,62915.0,Madison Energy Holdings LLC,MD,PJM,0.0,0.0,0.0,247.0,2776.0,1.0,0.0,0.0,0.0,0.0,0.0,0.0,247.0,2776.0,1.0
2024,57791.0,Foundation AB,56930.0,"Foundation HA Energy Generation, LLC",CA,CISO,0.0,0.0,0.0,0.0,0.0,0.0,157.0,2105.0,1.0,0.0,0.0,0.0,157.0,2105.0,1.0
2024,61066.0,Foundation CDCR LAC,60690.0,"Foundation CA Fund VIII Manager, LLC",CA,CISO,0.0,0.0,0.0,0.0,0.0,0.0,416.0,4681.0,1.0,0.0,0.0,0.0,416.0,4681.0,1.0
2024,61442.0,Foundation California Training Facility,61070.0,"Foundation CA Fund IX Manager, LLC",CA,CISO,0.0,0.0,0.0,0.0,0.0,0.0,493.0,5424.0,1.0,0.0,0.0,0.0,493.0,5424.0,1.0
2024,58102.0,Foundation Cemex BMQ,57476.0,Foundation CA Fund VI Manager LLC,CA,CISO,0.0,0.0,0.0,0.0,0.0,0.0,336.0,3266.0,1.0,0.0,0.0,0.0,336.0,3266.0,1.0
2024,58112.0,Foundation Cemex Madison,57484.0,"Foundation CA Fund V Manager, LLC",CA,CISO,0.0,0.0,0.0,0.0,0.0,0.0,158.0,1616.0,1.0,0.0,0.0,0.0,158.0,1616.0,1.0
2024,58101.0,Foundation Cemex River Plant,57476.0,Foundation CA Fund VI Manager LLC,CA,CISO,0.0,0.0,0.0,0.0,0.0,0.0,320.0,3110.0,1.0,0.0,0.0,0.0,320.0,3110.0,1.0
2024,62654.0,Foundation Dole Fresh Vegetables,62130.0,Foundation CA Fund X Manager LLC,CA,CISO,0.0,0.0,0.0,0.0,0.0,0.0,1493.0,17090.0,1.0,0.0,0.0,0.0,1493.0,17090.0,1.0
2024,57792.0,Foundation IE,56930.0,"Foundation HA Energy Generation, LLC",CA,CISO,0.0,0.0,0.0,0.0,0.0,0.0,44.0,378.0,1.0,0.0,0.0,0.0,44.0,378.0,1.0
2024,61443.0,Foundation Mann Packing,61070.0,"Foundation CA Fund IX Manager, LLC",CA,CISO,0.0,0.0,0.0,0.0,0.0,0.0,534.0,5612.0,1.0,0.0,0.0,0.0,534.0,5612.0,1.0
2024,58114.0,Foundation NWNA,57484.0,"Foundation CA Fund V Manager, LLC",CA,CISO,0.0,0.0,0.0,0.0,0.0,0.0,1118.0,18091.0,1.0,0.0,0.0,0.0,1118.0,18091.0,1.0
2024,58113.0,Foundation RRM,57484.0,"Foundation CA Fund V Manager, LLC",CA,CISO,0.0,0.0,0.0,0.0,0.0,0.0,486.0,8891.0,1.0,0.0,0.0,0.0,486.0,8891.0,1.0
2024,57626.0,Foundation ST,56930.0,"Foundation HA Energy Generation, LLC",CA,CISO,0.0,0.0,0.0,0.0,0.0,0.0,189.0,2183.0,1.0,0.0,0.0,0.0,189.0,2183.0,1.0
2024,61444.0,Foundation SaIinas Valley State Prison,61070.0,"Foundation CA Fund IX Manager, LLC",CA,CISO,0.0,0.0,0.0,0.0,0.0,0.0,326.0,4762.0,1.0,0.0,0.0,0.0,326.0,4762.0,1.0
2024,61067.0,Foundation Scheid Vineyards,60690.0,"Foundation CA Fund VIII Manager, LLC",CA,CISO,0.0,0.0,0.0,0.0,0.0,0.0,352.0,3917.0,1.0,0.0,0.0,0.0,352.0,3917.0,1.0
2024,58104.0,Foundation Superior Farms,57476.0,Foundation CA Fund VI Manager LLC,CA,CISO,0.0,0.0,0.0,0.0,0.0,0.0,97.0,749.0,1.0,0.0,0.0,0.0,97.0,749.0,1.0
2024,58105.0,Foundation Wal-Mart Red Bluff,57476.0,Foundation CA Fund VI Manager LLC,CA,CISO,0.0,0.0,0.0,0.0,0.0,0.0,154.0,1940.0,1.0,0.0,0.0,0.0,154.0,1940.0,1.0
2024,63253.0,Francis Scott Key Mall,63054.0,Francis Scott Key Mall,MD,PJM,0.0,0.0,0.0,185.0,1344.0,1.0,0.0,0.0,0.0,0.0,0.0,0.0,185.0,1344.0,1.0
2024,63496.0,Frederick County - Landfill,57313.0,Tesla Inc.,MD,PJM,0.0,0.0,0.0,156.0,2256.0,1.0,0.0,0.0,0.0,0.0,0.0,0.0,156.0,2256.0,1.0
2024,60759.0,Freeze Solar,56997.0,Marina Energy LLC,NJ,PJM,0.0,0.0,0.0,0.0,0.0,0.0,254.0,1990.0,1.0,0.0,0.0,0.0,254.0,1990.0,1.0
2024,65131.0,Fremont - Kato Rd,57313.0,Tesla Inc.,CA,CISO,0.0,0.0,0.0,200.0,2273.0,1.0,0.0,0.0,0.0,0.0,0.0,0.0,200.0,2273.0,1.0
2024,63420.0,Fresno Bullard High School Hybrid,62856.0,"Forefront Power, LLC",CA,CISO,0.0,0.0,0.0,320.0,2128.0,1.0,0.0,0.0,0.0,0.0,0.0,0.0,320.0,2128.0,1.0
2024,63421.0,Fresno Hoover High School Hybrid,62856.0,"Forefront Power, LLC",CA,CISO,0.0,0.0,0.0,312.0,2029.0,1.0,0.0,0.0,0.0,0.0,0.0,0.0,312.0,2029.0,1.0
2024,63422.0,Fresno Sunnyside High School Hybrid,62856.0,"Forefront Power, LLC",CA,CISO,0.0,0.0,0.0,368.0,2538.0,1.0,0.0,0.0,0.0,0.0,0.0,0.0,368.0,2538.0,1.0
2024,62275.0,Frontier HS Solar Project,61944.0,MN8 Energy LLC,CA,CISO,0.0,0.0,0.0,299.0,2477.0,1.0,0.0,0.0,0.0,0.0,0.0,0.0,299.0,2477.0,1.0
2024,63399.0,Galesburg Solar Array,60571.0,"AEP Onsite Partners, LLC",IL,MISO,0.0,0.0,0.0,102.0,2537.0,1.0,0.0,0.0,0.0,0.0,0.0,0.0,102.0,2537.0,1.0
2024,56909.0,Gap Pacific Distribution Center,61944.0,MN8 Energy LLC,CA,CISO,0.0,0.0,0.0,372.0,5407.0,1.0,0.0,0.0,0.0,0.0,0.0,0.0,372.0,5407.0,1.0
2024,62680.0,Garfield Solar,56990.0,NJR Clean Energy Ventures Corporation,NJ,PJM,0.0,0.0,0.0,737.0,6057.0,1.0,0.0,0.0,0.0,0.0,0.0,0.0,737.0,6057.0,1.0
2024,60847.0,Garrett County - DPU Treatment Plant,57313.0,Tesla Inc.,MD,PJM,0.0,0.0,0.0,111.0,1712.0,1.0,0.0,0.0,0.0,0.0,0.0,0.0,111.0,1712.0,1.0
2024,61794.0,Gateway Solar,61419.0,"Luminace Solar MC, LLC",MD,PJM,0.0,0.0,0.0,491.0,9810.0,1.0,0.0,0.0,0.0,0.0,0.0,0.0,491.0,9810.0,1.0
2024,60844.0,Genentech Vacaville Meter #1,57313.0,Tesla Inc.,CA,CISO,0.0,0.0,0.0,896.0,11050.0,1.0,0.0,0.0,0.0,0.0,0.0,0.0,896.0,11050.0,1.0
2024,60231.0,Genentech-Oceanside Hybrid,57313.0,Tesla Inc.,CA,CISO,0.0,0.0,0.0,674.0,3575.0,1.0,0.0,0.0,0.0,0.0,0.0,0.0,674.0,3575.0,1.0
2024,58543.0,"Gilbert Solar Facility I, LLC",58514.0,"Gilbert Solar Facility I, LLC",AZ,AZPS,0.0,0.0,0.0,386.0,3810.0,1.0,0.0,0.0,0.0,0.0,0.0,0.0,386.0,3810.0,1.0
2024,66485.0,Gloucester,60281.0,"Altus Power America Management, LLC",NJ,PJM,0.0,0.0,0.0,311.0,3285.0,1.0,0.0,0.0,0.0,0.0,0.0,0.0,311.0,3285.0,1.0
2024,60752.0,Gloucester Community College Solar,61944.0,MN8 Energy LLC,NJ,PJM,0.0,0.0,0.0,427.0,3944.0,1.0,0.0,0.0,0.0,0.0,0.0,0.0,427.0,3944.0,1.0
2024,59328.0,Golden Acorn Casino,56930.0,"Foundation HA Energy Generation, LLC",CA,CISO,0.0,0.0,0.0,0.0,0.0,0.0,246.0,3790.0,1.0,0.0,0.0,0.0,246.0,3790.0,1.0
2024,64746.0,Goldman Sachs Carports Solar,63058.0,"DG Northeast 1, LLC",NY,NYIS,0.0,0.0,0.0,192.0,1137.0,1.0,0.0,0.0,0.0,0.0,0.0,0.0,192.0,1137.0,1.0
2024,65942.0,Grand Casino Hinckley Solar,64083.0,"DG Central 1, LLC",MN,MISO,0.0,0.0,0.0,302.0,5628.0,1.0,0.0,0.0,0.0,0.0,0.0,0.0,302.0,5628.0,1.0
2024,63291.0,Grand Prix Solar,63059.0,Diamond Properties,NY,NYIS,0.0,0.0,0.0,129.0,509.0,1.0,0.0,0.0,0.0,0.0,0.0,0.0,129.0,509.0,1.0
2024,65999.0,Great Cove Solar,61012.0,AES Distributed Energy,PA,PJM,0.0,0.0,0.0,2927.0,78581.0,1.0,0.0,0.0,0.0,0.0,0.0,0.0,2927.0,78581.0,1.0
2024,67137.0,Great Cove Solar II,64904.0,AES Clean Energy,PA,PJM,0.0,0.0,0.0,3546.0,95203.0,1.0,0.0,0.0,0.0,0.0,0.0,0.0,3546.0,95203.0,1.0
2024,60463.0,Greene County Meter #1,57313.0,Tesla Inc.,NY,ISNE,0.0,0.0,0.0,121.0,1707.0,1.0,0.0,0.0,0.0,0.0,0.0,0.0,121.0,1707.0,1.0
2024,65164.0,Grinnell College,64516.0,"Azimuth 180 Solar Electric, LLC",IL,MISO,0.0,0.0,0.0,111.0,1705.0,1.0,0.0,0.0,0.0,0.0,0.0,0.0,111.0,1705.0,1.0
2024,67509.0,Grossmont College,62856.0,"Forefront Power, LLC",CA,CISO,0.0,0.0,0.0,628.0,4353.0,1.0,0.0,0.0,0.0,0.0,0.0,0.0,628.0,4353.0,1.0
2024,62987.0,Grossmont HS Solar Project,61944.0,MN8 Energy LLC,CA,CISO,0.0,0.0,0.0,257.0,1784.0,1.0,0.0,0.0,0.0,0.0,0.0,0.0,257.0,1784.0,1.0
2024,66023.0,Grossmont-Cuyamaca-Cuyamaca Col. Solar &,62856.0,"Forefront Power, LLC",CA,CISO,0.0,0.0,0.0,424.0,2821.0,1.0,0.0,0.0,0.0,0.0,0.0,0.0,424.0,2821.0,1.0
2024,56877.0,Hall's Warehouse Solar Project,59100.0,"Sunlight General Solar Fund II, LLC",NJ,PJM,0.0,0.0,0.0,156.0,1430.0,1.0,0.0,0.0,0.0,0.0,0.0,0.0,156.0,1430.0,1.0
2024,67461.0,Hamilton,65043.0,Madison Energy Investments LLC,NJ,PJM,0.0,0.0,0.0,52.0,1366.0,1.0,0.0,0.0,0.0,0.0,0.0,0.0,52.0,1366.0,1.0
2024,66906.0,Hammonton-High School Solar,65043.0,Madison Energy Investments LLC,NJ,PJM,0.0,0.0,0.0,168.0,2213.0,1.0,0.0,0.0,0.0,0.0,0.0,0.0,168.0,2213.0,1.0
2024,60815.0,Hampshire College Hybrid,57313.0,Tesla Inc.,MA,ISNE,0.0,0.0,0.0,343.0,2528.0,1.0,0.0,0.0,0.0,0.0,0.0,0.0,343.0,2528.0,1.0
2024,61030.0,Harford Solar Farm,60669.0,Laertes Solar LLC,NY,NYIS,0.0,0.0,0.0,317.0,2847.0,1.0,0.0,0.0,0.0,0.0,0.0,0.0,317.0,2847.0,1.0
2024,63069.0,Harmony Road Solar,62856.0,"Forefront Power, LLC",IL,PJM,0.0,0.0,0.0,57.0,2124.0,1.0,0.0,0.0,0.0,0.0,0.0,0.0,57.0,2124.0,1.0
2024,66831.0,Harrah's Atlantic City - POI 2 (Self Par,64872.0,"Distributed Solar Development, LLC",NJ,PJM,0.0,0.0,0.0,40.0,1035.0,1.0,0.0,0.0,0.0,0.0,0.0,0.0,40.0,1035.0,1.0
2024,52061.0,Hartford Hospital Cogeneration,65384.0,"Cartier Energy, LLC",CT,ISNE,0.0,0.0,0.0,4475.0,36625.0,1.0,0.0,0.0,0.0,0.0,0.0,0.0,4475.0,36625.0,1.0
2024,60909.0,Hartford Landfill Solar EGF,60166.0,Materials Innovation Recycling Authority,CT,ISNE,0.0,0.0,0.0,53.0,1187.0,1.0,0.0,0.0,0.0,0.0,0.0,0.0,53.0,1187.0,1.0
2024,60501.0,Hartz Way,60268.0,"Hartz Solar, LLC",NJ,PJM,0.0,0.0,0.0,31.0,768.0,1.0,0.0,0.0,0.0,0.0,0.0,0.0,31.0,768.0,1.0
2024,60708.0,Havre de Grace II - E at Perryman,61419.0,"Luminace Solar MC, LLC",MD,PJM,0.0,0.0,0.0,115.0,1915.0,1.0,0.0,0.0,0.0,0.0,0.0,0.0,115.0,1915.0,1.0
2024,62438.0,Heller 400M,56997.0,Marina Energy LLC,NJ,PJM,0.0,0.0,0.0,148.0,1406.0,1.0,0.0,0.0,0.0,0.0,0.0,0.0,148.0,1406.0,1.0
2024,57869.0,Heller Industrial Parks,56997.0,Marina Energy LLC,NJ,PJM,0.0,0.0,0.0,807.0,7683.0,1.0,0.0,0.0,0.0,0.0,0.0,0.0,807.0,7683.0,1.0
2024,60099.0,"Hewlett-Packard (HP) - Andover, MA",57313.0,Tesla Inc.,MA,ISNE,0.0,0.0,0.0,140.0,2305.0,1.0,0.0,0.0,0.0,0.0,0.0,0.0,140.0,2305.0,1.0
2024,66572.0,Highpeak Solar 1,64743.0,PPM Solar LLC,TX,ERCO,0.0,0.0,0.0,0.0,0.0,0.0,688.0,13812.0,1.0,0.0,0.0,0.0,688.0,13812.0,1.0
2024,68016.0,Hollister Wastewater Facility,58759.0,Perpetual Energy Systems,CA,CISO,0.0,0.0,0.0,0.0,0.0,0.0,447.0,1650.0,1.0,0.0,0.0,0.0,447.0,1650.0,1.0
2024,62725.0,Homer Street East,65164.0,CleanCapital Holdings,NY,NYIS,0.0,0.0,0.0,130.0,1980.0,1.0,0.0,0.0,0.0,0.0,0.0,0.0,130.0,1980.0,1.0
2024,62724.0,Homer Street West,65164.0,CleanCapital Holdings,NY,NYIS,0.0,0.0,0.0,142.0,2118.0,1.0,0.0,0.0,0.0,0.0,0.0,0.0,142.0,2118.0,1.0
2024,60454.0,Houghton,63249.0,Terraform Arcadia,NY,NYIS,0.0,0.0,0.0,179.0,2003.0,1.0,0.0,0.0,0.0,0.0,0.0,0.0,179.0,2003.0,1.0
2024,67460.0,Howell (Lowes),65043.0,Madison Energy Investments LLC,NJ,PJM,0.0,0.0,0.0,29.0,1047.0,1.0,0.0,0.0,0.0,0.0,0.0,0.0,29.0,1047.0,1.0
2024,63691.0,"Hunker Solar River, LLC",64994.0,SolRiver Capital LLC,PA,PJM,0.0,0.0,0.0,278.0,4630.0,1.0,0.0,0.0,0.0,0.0,0.0,0.0,278.0,4630.0,1.0
2024,64179.0,IA - City of Ames - Airport Road,62856.0,"Forefront Power, LLC",IA,MISO,0.0,0.0,0.0,184.0,3121.0,1.0,0.0,0.0,0.0,0.0,0.0,0.0,184.0,3121.0,1.0
2024,63869.0,IBM Solar,60293.0,"DG Colorado Solar, LLC",CO,PSCO,0.0,0.0,0.0,0.0,0.0,0.0,512.0,10648.0,1.0,0.0,0.0,0.0,512.0,10648.0,1.0
2024,60709.0,IFF Hazlet,61944.0,MN8 Energy LLC,NJ,PJM,0.0,0.0,0.0,312.0,4111.0,1.0,0.0,0.0,0.0,0.0,0.0,0.0,312.0,4111.0,1.0
2024,62306.0,IFF Union Beach Project,56990.0,NJR Clean Energy Ventures Corporation,NJ,PJM,0.0,0.0,0.0,771.0,8858.0,1.0,0.0,0.0,0.0,0.0,0.0,0.0,771.0,8858.0,1.0
2024,61465.0,IGS Solar I - BWI2,62915.0,Madison Energy Holdings LLC,MD,PJM,0.0,0.0,0.0,240.0,2545.0,1.0,0.0,0.0,0.0,0.0,0.0,0.0,240.0,2545.0,1.0
2024,61358.0,IGS Solar I - BWI5,65164.0,CleanCapital Holdings,MD,PJM,0.0,0.0,0.0,194.0,1991.0,1.0,0.0,0.0,0.0,0.0,0.0,0.0,194.0,1991.0,1.0
2024,61359.0,IGS Solar I - EWR5,65164.0,CleanCapital Holdings,NJ,PJM,0.0,0.0,0.0,132.0,3589.0,1.0,0.0,0.0,0.0,0.0,0.0,0.0,132.0,3589.0,1.0
2024,61360.0,IGS Solar I - EWR6,65164.0,CleanCapital Holdings,NJ,PJM,0.0,0.0,0.0,128.0,3271.0,1.0,0.0,0.0,0.0,0.0,0.0,0.0,128.0,3271.0,1.0
2024,61466.0,IOS - ERW9,62915.0,Madison Energy Holdings LLC,NJ,PJM,0.0,0.0,0.0,638.0,6863.0,1.0,0.0,0.0,0.0,0.0,0.0,0.0,638.0,6863.0,1.0
2024,63414.0,IOS II-LAX9,62915.0,Madison Energy Holdings LLC,CA,CISO,0.0,0.0,0.0,392.0,7208.0,1.0,0.0,0.0,0.0,0.0,0.0,0.0,392.0,7208.0,1.0
2024,57799.0,"ISH Solar Central, LLC",59139.0,SunEdison LLC,NJ,PJM,0.0,0.0,0.0,215.0,1589.0,1.0,0.0,0.0,0.0,0.0,0.0,0.0,215.0,1589.0,1.0
2024,60822.0,Intel - Ocotillo Campus Solar,57313.0,Tesla Inc.,AZ,AZPS,0.0,0.0,0.0,250.0,2347.0,1.0,0.0,0.0,0.0,0.0,0.0,0.0,250.0,2347.0,1.0
2024,58086.0,Intel Folsom,57313.0,Tesla Inc.,CA,,0.0,0.0,0.0,126.0,1457.0,1.0,0.0,0.0,0.0,0.0,0.0,0.0,126.0,1457.0,1.0
2024,58954.0,Intel Folsom Phase 2,57313.0,Tesla Inc.,CA,,0.0,0.0,0.0,168.0,1532.0,1.0,0.0,0.0,0.0,0.0,0.0,0.0,168.0,1532.0,1.0
2024,61152.0,Intel Folsom Phase 3,57313.0,Tesla Inc.,CA,,0.0,0.0,0.0,838.0,9051.0,1.0,0.0,0.0,0.0,0.0,0.0,0.0,838.0,9051.0,1.0
2024,62374.0,JBAB - Washington DC,61907.0,"JBAB Solar I, LLC.",DC,PJM,0.0,0.0,0.0,408.0,8168.0,1.0,0.0,0.0,0.0,0.0,0.0,0.0,408.0,8168.0,1.0
2024,64629.0,JM Huber at Quincy,63511.0,"Luminace Solar Illinois 2, LLC",IL,MISO,0.0,0.0,0.0,0.0,0.0,0.0,88.0,2205.0,1.0,0.0,0.0,0.0,88.0,2205.0,1.0
2024,58793.0,JMB Mcguire-Dix-Lakehurst Solar Project,60281.0,"Altus Power America Management, LLC",NJ,PJM,0.0,0.0,0.0,714.0,9954.0,1.0,0.0,0.0,0.0,0.0,0.0,0.0,714.0,9954.0,1.0
2024,60113.0,Jackson Board of Education-Liberty HS,57313.0,Tesla Inc.,NJ,PJM,0.0,0.0,0.0,170.0,1797.0,1.0,0.0,0.0,0.0,0.0,0.0,0.0,170.0,1797.0,1.0
2024,63530.0,Jersey City DWP,60584.0,Onyx Asset Services Group,NJ,PJM,0.0,0.0,0.0,76.0,1237.0,1.0,0.0,0.0,0.0,0.0,0.0,0.0,76.0,1237.0,1.0
2024,58654.0,Jersey Gardens Phase 2,58591.0,CF Jersey Gardens Owner Two LLC,NJ,PJM,0.0,0.0,0.0,612.0,2966.0,1.0,0.0,0.0,0.0,0.0,0.0,0.0,612.0,2966.0,1.0
2024,56300.0,Jersey-Atlantic Wind Farm,50123.0,"Leeward Asset Management, LLC",NJ,PJM,0.0,0.0,0.0,0.0,0.0,0.0,843.0,10600.0,1.0,0.0,0.0,0.0,843.0,10600.0,1.0
2024,58292.0,Jewish Community Center PV,61012.0,AES Distributed Energy,AZ,AZPS,0.0,0.0,0.0,292.0,1792.0,1.0,0.0,0.0,0.0,0.0,0.0,0.0,292.0,1792.0,1.0
2024,66163.0,Jicarilla Solar 1 LLC,65265.0,Repsol Renewables NA,NM,PNM,0.0,0.0,0.0,1128.0,105251.0,1.0,0.0,0.0,0.0,0.0,0.0,0.0,1128.0,105251.0,0.0
2024,61878.0,John A Logan College Solar,63359.0,"REA Investments, LLC",IL,MISO,0.0,0.0,0.0,424.0,2441.0,1.0,0.0,0.0,0.0,0.0,0.0,0.0,424.0,2441.0,1.0
2024,57723.0,"Johnson Matthey, Inc. Solar",56976.0,"Luminace Solar New Jersey II, LLC",NJ,PJM,0.0,0.0,0.0,0.0,0.0,0.0,325.0,5413.0,1.0,0.0,0.0,0.0,325.0,5413.0,1.0
2024,66730.0,Jordan Energy-DFA Middlebury Center Plan,64872.0,"Distributed Solar Development, LLC",PA,PJM,0.0,0.0,0.0,0.0,0.0,0.0,157.0,1739.0,1.0,0.0,0.0,0.0,157.0,1739.0,1.0
2024,62739.0,KDC Solar ASGM,65164.0,CleanCapital Holdings,NJ,PJM,0.0,0.0,0.0,0.0,0.0,0.0,463.0,6623.0,1.0,0.0,0.0,0.0,463.0,6623.0,1.0
2024,62746.0,KDC Solar CSCP LLC,65164.0,CleanCapital Holdings,NJ,PJM,0.0,0.0,0.0,466.0,4701.0,1.0,0.0,0.0,0.0,0.0,0.0,0.0,466.0,4701.0,1.0
2024,66655.0,KDC Solar CV Animal Control LLC,65665.0,KDC Solar CV Animal Control LLC,MD,PJM,0.0,0.0,0.0,232.0,3144.0,1.0,0.0,0.0,0.0,0.0,0.0,0.0,232.0,3144.0,1.0
2024,66652.0,KDC Solar CV Ascend One LLC,65662.0,KDC Solar CV Ascend One LLC,MD,PJM,0.0,0.0,0.0,272.0,3679.0,1.0,0.0,0.0,0.0,0.0,0.0,0.0,272.0,3679.0,1.0
2024,66653.0,KDC Solar CV Cedar Lane Park LLC,65663.0,KDC Solar CV Cedar Lane Park LLC,MD,PJM,0.0,0.0,0.0,229.0,3100.0,1.0,0.0,0.0,0.0,0.0,0.0,0.0,229.0,3100.0,1.0
2024,66654.0,KDC Solar CV Central MD Regional Transit,65664.0,KDC Solar CV Central MD Regional Transit LLC,MD,PJM,0.0,0.0,0.0,216.0,2929.0,1.0,0.0,0.0,0.0,0.0,0.0,0.0,216.0,2929.0,1.0
2024,66656.0,KDC Solar CV O'Donnell Property LLC,65666.0,KDC Solar CV O'Donnell Property LLC,MD,PJM,0.0,0.0,0.0,223.0,3012.0,1.0,0.0,0.0,0.0,0.0,0.0,0.0,223.0,3012.0,1.0
2024,59910.0,"KDC Solar PR1, LLC",65164.0,CleanCapital Holdings,NJ,PJM,0.0,0.0,0.0,2271.0,27117.0,1.0,0.0,0.0,0.0,0.0,0.0,0.0,2271.0,27117.0,1.0
2024,65984.0,KDC Solar TC Blandair Park LLC,65164.0,CleanCapital Holdings,MD,PJM,0.0,0.0,0.0,276.0,3738.0,1.0,0.0,0.0,0.0,0.0,0.0,0.0,276.0,3738.0,1.0
2024,65983.0,KDC Solar TC George Howard LLC,65164.0,CleanCapital Holdings,MD,PJM,0.0,0.0,0.0,251.0,3401.0,1.0,0.0,0.0,0.0,0.0,0.0,0.0,251.0,3401.0,1.0
2024,65982.0,KDC Solar TC Little Patuxent WWTP LLC,65164.0,CleanCapital Holdings,MD,PJM,0.0,0.0,0.0,282.0,3815.0,1.0,0.0,0.0,0.0,0.0,0.0,0.0,282.0,3815.0,1.0
2024,65691.0,KSU Trumbull,62915.0,Madison Energy Holdings LLC,OH,PJM,0.0,0.0,0.0,151.0,1583.0,1.0,0.0,0.0,0.0,0.0,0.0,0.0,151.0,1583.0,1.0
2024,10805.0,Kenilworth Energy Facility,5530.0,E F Kenilworth LLC,NJ,PJM,0.0,0.0,0.0,0.0,0.0,0.0,3759.0,44384.0,1.0,0.0,0.0,0.0,3759.0,44384.0,1.0
2024,64030.0,Kenmare - Sullivan Community College,61944.0,MN8 Energy LLC,NY,NYIS,0.0,0.0,0.0,191.0,2593.0,1.0,0.0,0.0,0.0,0.0,0.0,0.0,191.0,2593.0,1.0
2024,58243.0,Kent County - Worton Complex,63249.0,Terraform Arcadia,MD,PJM,0.0,0.0,0.0,142.0,1370.0,1.0,0.0,0.0,0.0,0.0,0.0,0.0,142.0,1370.0,1.0
2024,68614.0,Kern Del Oro,66996.0,"REC KDO, LLC",CA,CISO,0.0,0.0,0.0,0.0,4.0,1.0,0.0,0.0,0.0,0.0,0.0,0.0,0.0,4.0,1.0
2024,59098.0,Kettering Solar 1,57313.0,Tesla Inc.,CA,CISO,0.0,0.0,0.0,206.0,1619.0,1.0,0.0,0.0,0.0,0.0,0.0,0.0,206.0,1619.0,1.0
2024,59099.0,Kettering Solar 2,57313.0,Tesla Inc.,CA,CISO,0.0,0.0,0.0,239.0,1894.0,1.0,0.0,0.0,0.0,0.0,0.0,0.0,239.0,1894.0,1.0
2024,61628.0,Kilroy Solar,61227.0,Nautilus Solar Solutions,CA,CISO,0.0,0.0,0.0,921.0,6445.0,8.0,0.0,0.0,0.0,0.0,0.0,0.0,921.0,6445.0,8.0
2024,62614.0,Kinder Morgan Fordham,62067.0,Powerflex,NY,NYIS,0.0,0.0,0.0,1067.0,3881.0,2.0,0.0,0.0,0.0,0.0,0.0,0.0,1067.0,3881.0,2.0
2024,55581.0,King Mountain Wind Ranch 1,6354.0,FPL Energy Upton Wind LP,TX,ERCO,0.0,0.0,0.0,12233.0,547958.0,1.0,0.0,0.0,0.0,0.0,0.0,0.0,12233.0,547958.0,1.0
2024,57119.0,Koda Biomass Plant,56413.0,Koda Energy LLC,MN,MISO,0.0,0.0,0.0,0.0,0.0,0.0,5126.0,49852.0,1.0,0.0,0.0,0.0,5126.0,49852.0,1.0
2024,57009.0,Kohls San Bernardino Solar Facility,65923.0,"SunE WF3 KHL A Holdings, LLC",CA,CISO,0.0,0.0,0.0,133.0,943.0,1.0,0.0,0.0,0.0,0.0,0.0,0.0,133.0,943.0,1.0
2024,60765.0,L'Oreal Franklin,61944.0,MN8 Energy LLC,NJ,PJM,0.0,0.0,0.0,156.0,1250.0,1.0,0.0,0.0,0.0,0.0,0.0,0.0,156.0,1250.0,1.0
2024,60766.0,L'Oreal Monmouth,61944.0,MN8 Energy LLC,NJ,PJM,0.0,0.0,0.0,386.0,2564.0,1.0,0.0,0.0,0.0,0.0,0.0,0.0,386.0,2564.0,1.0
2024,57868.0,L'Oreal Piscataway,61944.0,MN8 Energy LLC,NJ,PJM,0.0,0.0,0.0,209.0,1571.0,1.0,0.0,0.0,0.0,0.0,0.0,0.0,209.0,1571.0,1.0
2024,67520.0,LRWRA,66242.0,"Entegrity Solar LRWRA, LLC",AR,MISO,0.0,0.0,0.0,127.0,2402.0,1.0,0.0,0.0,0.0,0.0,0.0,0.0,127.0,2402.0,1.0
2024,63413.0,LTMUA,61944.0,MN8 Energy LLC,NJ,PJM,0.0,0.0,0.0,65.0,1338.0,1.0,0.0,0.0,0.0,0.0,0.0,0.0,65.0,1338.0,1.0
2024,64142.0,LabCorp Engine,60571.0,"AEP Onsite Partners, LLC",NJ,PJM,0.0,0.0,0.0,20.0,235.0,1.0,0.0,0.0,0.0,0.0,0.0,0.0,20.0,235.0,1.0
2024,58539.0,Lake Pleasant WTP,61944.0,MN8 Energy LLC,AZ,AZPS,0.0,0.0,0.0,973.0,12947.0,1.0,0.0,0.0,0.0,0.0,0.0,0.0,973.0,12947.0,1.0
2024,59744.0,Lakeland Electric Co. (FL)-Airport 1,65922.0,"SunE W12DG-B, LLC",FL,TEC,0.0,0.0,0.0,450.0,2373.0,1.0,0.0,0.0,0.0,0.0,0.0,0.0,450.0,2373.0,1.0
2024,62454.0,Lakewood Cheddar School,61944.0,MN8 Energy LLC,NJ,PJM,0.0,0.0,0.0,39.0,674.0,1.0,0.0,0.0,0.0,0.0,0.0,0.0,39.0,674.0,1.0
2024,58634.0,Lancaster Baptist Church,57313.0,Tesla Inc.,CA,CISO,0.0,0.0,0.0,159.0,1441.0,1.0,0.0,0.0,0.0,0.0,0.0,0.0,159.0,1441.0,1.0
2024,58963.0,Las Virgenes Municipal Water District,57313.0,Tesla Inc.,CA,CISO,0.0,0.0,0.0,172.0,1640.0,1.0,0.0,0.0,0.0,0.0,0.0,0.0,172.0,1640.0,1.0
2024,61389.0,Letchworth Solar Project,60571.0,"AEP Onsite Partners, LLC",NY,NYIS,0.0,0.0,0.0,193.0,1788.0,1.0,0.0,0.0,0.0,0.0,0.0,0.0,193.0,1788.0,1.0
2024,62274.0,Liberty HS Solar Project,61944.0,MN8 Energy LLC,CA,CISO,0.0,0.0,0.0,335.0,2499.0,1.0,0.0,0.0,0.0,0.0,0.0,0.0,335.0,2499.0,1.0
2024,58231.0,Lincoln Financial Field,58203.0,NRG Energy Center Eagles LLC,PA,PJM,0.0,0.0,0.0,574.0,2730.0,1.0,0.0,0.0,0.0,0.0,0.0,0.0,574.0,2730.0,1.0
2024,65382.0,Lincoln WWTF Hybrid,64724.0,"Lincoln Solar Star, LLC",CA,CISO,0.0,0.0,0.0,519.0,6437.0,1.0,0.0,0.0,0.0,0.0,0.0,0.0,519.0,6437.0,1.0
2024,65257.0,Lineage MS,62915.0,Madison Energy Holdings LLC,MS,MISO,0.0,0.0,0.0,60.0,627.0,1.0,0.0,0.0,0.0,0.0,0.0,0.0,60.0,627.0,1.0
2024,57768.0,Longwood Gardens,57078.0,Ecogy Pennsylvania Systems LLC,PA,PJM,0.0,0.0,0.0,173.0,1755.0,1.0,0.0,0.0,0.0,0.0,0.0,0.0,173.0,1755.0,1.0
2024,55217.0,Los Medanos Energy Center,2843.0,Los Medanos Energy Center LLC,CA,CISO,0.0,0.0,0.0,0.0,0.0,0.0,13899.0,381678.0,2.0,0.0,0.0,0.0,13899.0,381678.0,2.0
2024,66733.0,Lost Hills Oilfield,64872.0,"Distributed Solar Development, LLC",CA,CISO,0.0,0.0,0.0,0.0,0.0,0.0,440.0,4484.0,1.0,0.0,0.0,0.0,440.0,4484.0,1.0
2024,65486.0,Love Lane Solar,56990.0,NJR Clean Energy Ventures Corporation,NJ,PJM,0.0,0.0,0.0,0.0,2357.0,1.0,0.0,0.0,0.0,0.0,0.0,0.0,0.0,2357.0,1.0
2024,60769.0,Lower Cape May HS,61944.0,MN8 Energy LLC,NJ,PJM,0.0,0.0,0.0,146.0,1928.0,1.0,0.0,0.0,0.0,0.0,0.0,0.0,146.0,1928.0,1.0
2024,59135.0,Ludlow Landfill,65164.0,CleanCapital Holdings,MA,ISNE,0.0,0.0,0.0,184.0,3351.0,1.0,0.0,0.0,0.0,0.0,0.0,0.0,184.0,3351.0,1.0
2024,67670.0,MD JESSUP 7950 OCEANO AVE,66303.0,PFMD LL Jessup LLC,MD,PJM,0.0,0.0,0.0,0.0,0.0,0.0,45.0,622.0,1.0,0.0,0.0,0.0,45.0,622.0,1.0
2024,60496.0,MEBA,60281.0,"Altus Power America Management, LLC",MD,PJM,0.0,0.0,0.0,185.0,2394.0,1.0,0.0,0.0,0.0,0.0,0.0,0.0,185.0,2394.0,1.0
2024,62323.0,Macy's MD Joppa Solar Project,61821.0,"Northstar Macy's Maryland 2015, LLC",MD,PJM,0.0,0.0,0.0,18.0,220.0,1.0,0.0,0.0,0.0,0.0,0.0,0.0,18.0,220.0,1.0
2024,58522.0,Madera Community Hospital,65164.0,CleanCapital Holdings,CA,CISO,0.0,0.0,0.0,12.0,71.0,1.0,0.0,0.0,0.0,0.0,0.0,0.0,12.0,71.0,1.0
2024,61725.0,Madison County,60571.0,"AEP Onsite Partners, LLC",NY,NYIS,0.0,0.0,0.0,170.0,2009.0,1.0,0.0,0.0,0.0,0.0,0.0,0.0,170.0,2009.0,1.0
2024,66316.0,Madison Solar (VA),64904.0,AES Clean Energy,VA,PJM,0.0,0.0,0.0,620.0,21734.0,1.0,0.0,0.0,0.0,0.0,0.0,0.0,620.0,21734.0,1.0
2024,62639.0,Manchester Community College East,60584.0,Onyx Asset Services Group,CT,ISNE,0.0,0.0,0.0,103.0,1538.0,1.0,0.0,0.0,0.0,0.0,0.0,0.0,103.0,1538.0,1.0
2024,62640.0,Manchester Community College North,60584.0,Onyx Asset Services Group,CT,ISNE,0.0,0.0,0.0,67.0,1450.0,1.0,0.0,0.0,0.0,0.0,0.0,0.0,67.0,1450.0,1.0
2024,57005.0,Mariani Packing Vacaville Solar,56431.0,SunE U6 Holdings LLC,CA,CISO,0.0,0.0,0.0,248.0,1252.0,1.0,0.0,0.0,0.0,0.0,0.0,0.0,248.0,1252.0,1.0
2024,58443.0,Martin Limestone Solar Array,58438.0,Sunstream Energy LLC,PA,PJM,0.0,0.0,0.0,0.0,0.0,0.0,124.0,1552.0,1.0,0.0,0.0,0.0,124.0,1552.0,1.0
2024,68605.0,Mauna Loa Macadamia Nut,66970.0,Macadamia Nut Road Solar Project 2019,HI,HECO,0.0,0.0,0.0,0.0,0.0,0.0,284.0,1386.0,1.0,0.0,0.0,0.0,284.0,1386.0,1.0
2024,57646.0,McCormick & Co. Inc. at Belcamp,56975.0,"Luminace Solar Maryland, LLC",MD,PJM,0.0,0.0,0.0,0.0,0.0,0.0,338.0,2251.0,1.0,0.0,0.0,0.0,338.0,2251.0,1.0
2024,57662.0,McGraw Hill Solar,56990.0,NJR Clean Energy Ventures Corporation,NJ,PJM,0.0,0.0,0.0,0.0,16956.0,1.0,0.0,0.0,0.0,0.0,0.0,0.0,0.0,16956.0,1.0
2024,59277.0,Medford WWTP,56990.0,NJR Clean Energy Ventures Corporation,NJ,PJM,0.0,0.0,0.0,213.0,2017.0,1.0,0.0,0.0,0.0,0.0,0.0,0.0,213.0,2017.0,1.0
2024,10883.0,Medical Area Total Energy Plant,12258.0,MATEP LLC,MA,ISNE,0.0,0.0,0.0,53485.0,291724.0,6.0,0.0,0.0,0.0,0.0,0.0,0.0,53485.0,291724.0,6.0
2024,61137.0,Medtronic Solar,63359.0,"REA Investments, LLC",PR,NA,0.0,0.0,0.0,282.0,978.0,1.0,0.0,0.0,0.0,0.0,0.0,0.0,282.0,978.0,1.0
2024,58882.0,Mercer County Community College,58754.0,Sunlight General Mercer Solar LLC,NJ,PJM,0.0,0.0,0.0,325.0,9105.0,1.0,0.0,0.0,0.0,0.0,0.0,0.0,325.0,9105.0,1.0
2024,59136.0,Methuen Landfill,65164.0,CleanCapital Holdings,MA,ISNE,0.0,0.0,0.0,148.0,1572.0,1.0,0.0,0.0,0.0,0.0,0.0,0.0,148.0,1572.0,1.0
2024,10180.0,Metro Wastewater Reclamation District,56527.0,ENGIE Denver Metro LLC,CO,PSCO,0.0,0.0,0.0,0.0,0.0,0.0,1697.0,37374.0,1.0,0.0,0.0,0.0,1697.0,37374.0,1.0
2024,66048.0,"Middleton Biogas Solar, LLC",65220.0,"Middleton Biogas Solar, LLC",WI,MISO,0.0,0.0,0.0,0.0,0.0,0.0,540.0,3292.0,1.0,0.0,0.0,0.0,540.0,3292.0,1.0
2024,10745.0,Midland Cogeneration Venture,12492.0,Midland Cogeneration Venture,MI,MISO,0.0,0.0,0.0,0.0,0.0,0.0,9933.0,387964.0,1.0,0.0,0.0,0.0,9933.0,387964.0,1.0
2024,59789.0,Millbrook School,57313.0,Tesla Inc.,NY,NYIS,0.0,0.0,0.0,135.0,1800.0,1.0,0.0,0.0,0.0,0.0,0.0,0.0,135.0,1800.0,1.0
2024,58822.0,Millville City Sewer Auth WTP,61944.0,MN8 Energy LLC,NJ,PJM,0.0,0.0,0.0,121.0,1240.0,1.0,0.0,0.0,0.0,0.0,0.0,0.0,121.0,1240.0,1.0
2024,67463.0,Mineral Gap,65043.0,Madison Energy Investments LLC,VA,LGEE,0.0,0.0,0.0,340.0,4925.0,1.0,0.0,0.0,0.0,0.0,0.0,0.0,340.0,4925.0,1.0
2024,63511.0,Mohonasen Central School District,57313.0,Tesla Inc.,NY,NYIS,0.0,0.0,0.0,172.0,1633.0,1.0,0.0,0.0,0.0,0.0,0.0,0.0,172.0,1633.0,1.0
2024,65416.0,"Monroe 009452 SCS Cozad, LLC",61230.0,"Arevon Energy, Inc.",NE,SWPP,0.0,0.0,0.0,155.0,2494.0,1.0,0.0,0.0,0.0,0.0,0.0,0.0,155.0,2494.0,1.0
2024,58633.0,Monterey Regional Water Pollution Contro,57313.0,Tesla Inc.,CA,CISO,0.0,0.0,0.0,229.0,1234.0,1.0,0.0,0.0,0.0,0.0,0.0,0.0,229.0,1234.0,1.0
2024,60820.0,Montgomery County Correctional Facility,57313.0,Tesla Inc.,MD,PJM,0.0,0.0,0.0,89.0,1974.0,1.0,0.0,0.0,0.0,0.0,0.0,0.0,89.0,1974.0,1.0
2024,61608.0,Montgomery County Solar,61211.0,Montgomery County Solar,MD,PJM,0.0,0.0,0.0,419.0,2720.0,1.0,0.0,0.0,0.0,0.0,0.0,0.0,419.0,2720.0,1.0
2024,63073.0,Mooseheart School Solar,62856.0,"Forefront Power, LLC",IL,PJM,0.0,0.0,0.0,117.0,3696.0,1.0,0.0,0.0,0.0,0.0,0.0,0.0,117.0,3696.0,1.0
2024,57362.0,Morgantown Solar Park,56701.0,The Hankin Group,PA,PJM,0.0,0.0,0.0,0.0,0.0,0.0,126.0,1859.0,1.0,0.0,0.0,0.0,126.0,1859.0,1.0
2024,55216.0,Morris Cogeneration LLC,54755.0,Morris Cogeneration LLC,IL,PJM,0.0,0.0,0.0,0.0,0.0,0.0,8226.0,453147.0,1.0,0.0,0.0,0.0,8226.0,453147.0,1.0
2024,61003.0,Musgrave East Solar Farm,60643.0,Artemis Solar LLC,NY,NYIS,0.0,0.0,0.0,310.0,2783.0,1.0,0.0,0.0,0.0,0.0,0.0,0.0,310.0,2783.0,1.0
2024,61015.0,Musgrave West Solar Farm,60643.0,Artemis Solar LLC,NY,NYIS,0.0,0.0,0.0,322.0,2889.0,1.0,0.0,0.0,0.0,0.0,0.0,0.0,322.0,2889.0,1.0
2024,60857.0,NES Rutgers Solar,60516.0,NES Rutgers LLC,NJ,PJM,0.0,0.0,0.0,0.0,0.0,0.0,96.0,1064.0,1.0,0.0,0.0,0.0,96.0,1064.0,1.0
2024,62208.0,NIST Solar,61419.0,"Luminace Solar MC, LLC",MD,PJM,0.0,0.0,0.0,494.0,5552.0,1.0,0.0,0.0,0.0,0.0,0.0,0.0,494.0,5552.0,1.0
2024,65450.0,NY - PANYNJ - LaGuardia - Rooftop,62856.0,"Forefront Power, LLC",NY,NYIS,0.0,0.0,0.0,99.0,999.0,1.0,0.0,0.0,0.0,0.0,0.0,0.0,99.0,999.0,1.0
2024,57462.0,Napoleon Solar I,56780.0,Enfinity BNB Napoleon Solar LLC,OH,PJM,0.0,0.0,0.0,571.0,10848.0,1.0,0.0,0.0,0.0,0.0,0.0,0.0,571.0,10848.0,1.0
2024,62710.0,Nationals,63249.0,Terraform Arcadia,DC,PJM,0.0,0.0,0.0,84.0,1606.0,1.0,0.0,0.0,0.0,0.0,0.0,0.0,84.0,1606.0,1.0
2024,57764.0,Naval Air Weapons Station China Lake,61944.0,MN8 Energy LLC,CA,CISO,0.0,0.0,0.0,3236.0,22005.0,1.0,0.0,0.0,0.0,0.0,0.0,0.0,3236.0,22005.0,1.0
2024,61737.0,Navy Yard Peaker Station,61353.0,Philadelphia Authority for Industrial Development,PA,PJM,0.0,0.0,0.0,0.0,0.0,0.0,233.0,1269.0,5.0,0.0,0.0,0.0,233.0,1269.0,5.0
2024,10427.0,New-Indy Ontario Mill,22091.0,New-Indy Ontario LLC,CA,CISO,0.0,0.0,0.0,0.0,0.0,0.0,842.0,9174.0,2.0,0.0,0.0,0.0,842.0,9174.0,2.0
2024,66201.0,Niagara Bottling - Bloomfield,65330.0,"Westbound Solar 3, LLC",CT,ISNE,0.0,0.0,0.0,358.0,4541.0,1.0,0.0,0.0,0.0,0.0,0.0,0.0,358.0,4541.0,1.0
2024,65652.0,Niagara Bottling - Rialto,63432.0,SkyHigh 2 Solar,CA,CISO,0.0,0.0,0.0,412.0,7579.0,1.0,0.0,0.0,0.0,0.0,0.0,0.0,412.0,7579.0,1.0
2024,64389.0,Niagara Bottling - Seguin,63432.0,SkyHigh 2 Solar,TX,ERCO,0.0,0.0,0.0,510.0,7974.0,1.0,0.0,0.0,0.0,0.0,0.0,0.0,510.0,7974.0,1.0
2024,63363.0,Niagara Bottling Stockton,65849.0,ClearGen LLC,CA,CISO,0.0,0.0,0.0,55.0,870.0,1.0,0.0,0.0,0.0,0.0,0.0,0.0,55.0,870.0,1.0
2024,60806.0,North Bergen Solar,60268.0,"Hartz Solar, LLC",NJ,PJM,0.0,0.0,0.0,235.0,2196.0,1.0,0.0,0.0,0.0,0.0,0.0,0.0,235.0,2196.0,1.0
2024,58358.0,North Jersey Media Group Solar Facility,63068.0,CVI CleanCapital Solar 4 LLC,NJ,PJM,0.0,0.0,0.0,249.0,4143.0,1.0,0.0,0.0,0.0,0.0,0.0,0.0,249.0,4143.0,1.0
2024,68221.0,North Kern 1,65043.0,Madison Energy Investments LLC,CA,CISO,0.0,0.0,0.0,294.0,3862.0,1.0,0.0,0.0,0.0,0.0,0.0,0.0,294.0,3862.0,1.0
2024,68220.0,North Kern 2,65043.0,Madison Energy Investments LLC,CA,CISO,0.0,0.0,0.0,184.0,2417.0,1.0,0.0,0.0,0.0,0.0,0.0,0.0,184.0,2417.0,1.0
2024,68599.0,North Kern 3,65043.0,Madison Energy Investments LLC,CA,CISO,0.0,0.0,0.0,0.0,6.0,1.0,0.0,0.0,0.0,0.0,0.0,0.0,0.0,6.0,1.0
2024,68393.0,North Stafford HS,65043.0,Madison Energy Investments LLC,VA,PJM,0.0,0.0,0.0,40.0,414.0,1.0,0.0,0.0,0.0,0.0,0.0,0.0,40.0,414.0,1.0
2024,65412.0,"Northern Cardinal Solar SCS IL 1, LLC",61230.0,"Arevon Energy, Inc.",IL,MISO,0.0,0.0,0.0,770.0,16733.0,1.0,0.0,0.0,0.0,0.0,0.0,0.0,770.0,16733.0,1.0
2024,57798.0,OBP Cogen,57120.0,OBP Cogen LLC,NY,NYIS,0.0,0.0,0.0,10200.0,54888.0,1.0,0.0,0.0,0.0,0.0,0.0,0.0,10200.0,54888.0,1.0
2024,60913.0,Ohio Northern University Solar Site,60571.0,"AEP Onsite Partners, LLC",OH,PJM,0.0,0.0,0.0,428.0,4036.0,1.0,0.0,0.0,0.0,0.0,0.0,0.0,428.0,4036.0,1.0
2024,50413.0,Olmsted Waste Energy,21995.0,Olmsted County Public Works,MN,MISO,0.0,0.0,0.0,273.0,1981.0,1.0,0.0,0.0,0.0,0.0,0.0,0.0,273.0,1981.0,1.0
2024,60114.0,Oneida County- DPW,57313.0,Tesla Inc.,NY,ISNE,0.0,0.0,0.0,121.0,1776.0,1.0,0.0,0.0,0.0,0.0,0.0,0.0,121.0,1776.0,1.0
2024,60097.0,Onondaga County - Metro Water Board,57313.0,Tesla Inc.,NY,NYIS,0.0,0.0,0.0,64.0,1099.0,1.0,0.0,0.0,0.0,0.0,0.0,0.0,64.0,1099.0,1.0
2024,60098.0,Onondaga County - Oak Orchard WWTP,57313.0,Tesla Inc.,NY,NYIS,0.0,0.0,0.0,165.0,2448.0,1.0,0.0,0.0,0.0,0.0,0.0,0.0,165.0,2448.0,1.0
2024,60462.0,Onondaga County- Clearwater,57313.0,Tesla Inc.,NY,ISNE,0.0,0.0,0.0,196.0,2840.0,1.0,0.0,0.0,0.0,0.0,0.0,0.0,196.0,2840.0,1.0
2024,60232.0,Onondaga County- Jamesville,57313.0,Tesla Inc.,NY,NYIS,0.0,0.0,0.0,128.0,1867.0,1.0,0.0,0.0,0.0,0.0,0.0,0.0,128.0,1867.0,1.0
2024,61206.0,Onyx - Allen Harim,60584.0,Onyx Asset Services Group,DE,PJM,0.0,0.0,0.0,166.0,1916.0,1.0,0.0,0.0,0.0,0.0,0.0,0.0,166.0,1916.0,1.0
2024,65614.0,Orange Coast College PH2 Solar Project,64905.0,"Solar Star Coastal Pirate, LLC",CA,CISO,0.0,0.0,0.0,530.0,4146.0,1.0,0.0,0.0,0.0,0.0,0.0,0.0,530.0,4146.0,1.0
2024,60229.0,Orange County Solar Farm (NY),57313.0,Tesla Inc.,NY,ISNE,0.0,0.0,0.0,186.0,2323.0,1.0,0.0,0.0,0.0,0.0,0.0,0.0,186.0,2323.0,1.0
2024,60112.0,Oregon Convention Center,57313.0,Tesla Inc.,OR,PACW,0.0,0.0,0.0,172.0,1559.0,1.0,0.0,0.0,0.0,0.0,0.0,0.0,172.0,1559.0,1.0
2024,58961.0,Oregon University System OIT Klamath Fal,57313.0,Tesla Inc.,OR,PACW,0.0,0.0,0.0,132.0,2516.0,1.0,0.0,0.0,0.0,0.0,0.0,0.0,132.0,2516.0,1.0
2024,59790.0,Oregon University System Rabbit Field,57313.0,Tesla Inc.,OR,PACW,0.0,0.0,0.0,69.0,1166.0,1.0,0.0,0.0,0.0,0.0,0.0,0.0,69.0,1166.0,1.0
2024,60818.0,Oswego County - Fulton Solar,57313.0,Tesla Inc.,NY,NYIS,0.0,0.0,0.0,105.0,2164.0,1.0,0.0,0.0,0.0,0.0,0.0,0.0,105.0,2164.0,1.0
2024,60038.0,Owens Corning Headquarters,58491.0,"Luminace Solar Holding, LLC",OH,PJM,0.0,0.0,0.0,351.0,1596.0,1.0,0.0,0.0,0.0,0.0,0.0,0.0,351.0,1596.0,1.0
2024,58550.0,Owens Corning at Bethlehem,58491.0,"Luminace Solar Holding, LLC",NY,NYIS,0.0,0.0,0.0,0.0,0.0,0.0,378.0,2905.0,1.0,0.0,0.0,0.0,378.0,2905.0,1.0
2024,62611.0,PFMG Solar Grossmont Helix LLC,60281.0,"Altus Power America Management, LLC",CA,CISO,0.0,0.0,0.0,286.0,2047.0,1.0,0.0,0.0,0.0,0.0,0.0,0.0,286.0,2047.0,1.0
2024,57773.0,Palo Verde College,65242.0,"Scale Sustainable I, LLC",CA,CISO,0.0,0.0,0.0,396.0,2020.0,1.0,0.0,0.0,0.0,0.0,0.0,0.0,396.0,2020.0,1.0
2024,58293.0,Paradise Valley H.S. PV,61012.0,AES Distributed Energy,AR,,0.0,0.0,0.0,398.0,2057.0,1.0,0.0,0.0,0.0,0.0,0.0,0.0,398.0,2057.0,1.0
2024,59544.0,Parlin Solar LLC,59287.0,Laurel Capital Partners,NJ,PJM,0.0,0.0,0.0,0.0,0.0,0.0,31.0,1713.0,1.0,0.0,0.0,0.0,31.0,1713.0,1.0
2024,55047.0,Pasadena Cogeneration,11059.0,Pasadena Cogeneration LP,TX,ERCO,0.0,0.0,0.0,0.0,0.0,0.0,7032.0,478230.0,1.0,0.0,0.0,0.0,7032.0,478230.0,1.0
2024,58896.0,Patriots Stadium,58769.0,Sunlight General Somerset Solar LLC,NJ,PJM,0.0,0.0,0.0,63.0,1132.0,1.0,0.0,0.0,0.0,0.0,0.0,0.0,63.0,1132.0,1.0
2024,62659.0,"Pecan Grove Solar, LLC",63184.0,CI-II Mitchell Holding LLC,NC,CPLE,0.0,0.0,0.0,472.0,7703.0,1.0,0.0,0.0,0.0,0.0,0.0,0.0,472.0,7703.0,1.0
2024,57772.0,Perdue Bridgeville Photovoltaic,63249.0,Terraform Arcadia,DE,PJM,0.0,0.0,0.0,185.0,1985.0,1.0,0.0,0.0,0.0,0.0,0.0,0.0,185.0,1985.0,1.0
2024,57879.0,Perdue Salisbury Photovoltaic,63249.0,Terraform Arcadia,MD,PJM,0.0,0.0,0.0,168.0,1542.0,1.0,0.0,0.0,0.0,0.0,0.0,0.0,168.0,1542.0,1.0
2024,60392.0,Pfizer Groton Fuel Cell,62093.0,Groton Fuel Cell 1 LLC,CT,ISNE,0.0,0.0,0.0,2499.0,30112.0,1.0,0.0,0.0,0.0,0.0,0.0,0.0,2499.0,30112.0,1.0
2024,60762.0,Pfizer Peapack Solar,63069.0,CVI CleanCapital Solar 5 LLC,NJ,PJM,0.0,0.0,0.0,305.0,6644.0,1.0,0.0,0.0,0.0,0.0,0.0,0.0,305.0,6644.0,1.0
2024,58708.0,Phoenix Airport East Economy Lot,58649.0,"SunStrong Management, LLC",AZ,AZPS,0.0,0.0,0.0,136.0,1277.0,1.0,0.0,0.0,0.0,0.0,0.0,0.0,136.0,1277.0,1.0
2024,58709.0,Phoenix Airport Rental Car Center,58649.0,"SunStrong Management, LLC",AZ,AZPS,0.0,0.0,0.0,330.0,4405.0,1.0,0.0,0.0,0.0,0.0,0.0,0.0,330.0,4405.0,1.0
2024,62735.0,Phoenix Solar South Farms LLC Solar Farm,62656.0,Phoenix Solar South Farms LLC,IL,MISO,0.0,0.0,0.0,1212.0,6185.0,1.0,0.0,0.0,0.0,0.0,0.0,0.0,1212.0,6185.0,1.0
2024,62075.0,Pima Community College,57313.0,Tesla Inc.,AZ,TEPC,0.0,0.0,0.0,266.0,788.0,1.0,0.0,0.0,0.0,0.0,0.0,0.0,266.0,788.0,1.0
2024,61104.0,Pima Community College - East Campus,57313.0,Tesla Inc.,AZ,TEPC,0.0,0.0,0.0,306.0,2778.0,1.0,0.0,0.0,0.0,0.0,0.0,0.0,306.0,2778.0,1.0
2024,63531.0,Pima Community College NW,60584.0,Onyx Asset Services Group,AZ,TEPC,0.0,0.0,0.0,324.0,3047.0,1.0,0.0,0.0,0.0,0.0,0.0,0.0,324.0,3047.0,1.0
2024,64873.0,Pittsburgh Airport Gas Plant,64378.0,IMG Energy Solutions,PA,PJM,0.0,0.0,0.0,6974.0,98733.0,1.0,0.0,0.0,0.0,0.0,0.0,0.0,6974.0,98733.0,1.0
2024,59364.0,Plainfield One Solar LLC,58258.0,SunRay Power LLC,NJ,PJM,0.0,0.0,0.0,93.0,1205.0,1.0,0.0,0.0,0.0,0.0,0.0,0.0,93.0,1205.0,1.0
2024,63015.0,Plott Hound Solar,62873.0,"Plott Hound Solar, LLC",NC,CPLE,0.0,0.0,0.0,451.0,6874.0,1.0,0.0,0.0,0.0,0.0,0.0,0.0,451.0,6874.0,1.0
2024,59137.0,Plymouth Site 1,65164.0,CleanCapital Holdings,MA,ISNE,0.0,0.0,0.0,576.0,7204.0,1.0,0.0,0.0,0.0,0.0,0.0,0.0,576.0,7204.0,1.0
2024,58647.0,Port Richmond WWT Solar,57365.0,Consolidated Edison Solutions Inc.,NY,NYIS,0.0,0.0,0.0,0.0,0.0,0.0,554.0,1418.0,1.0,0.0,0.0,0.0,554.0,1418.0,1.0
2024,61822.0,"Princeton Energy Center, LLC",61440.0,Princeton Energy Center LLC,NJ,PJM,0.0,0.0,0.0,914.0,15001.0,1.0,0.0,0.0,0.0,0.0,0.0,0.0,914.0,15001.0,1.0
2024,61354.0,Princeton Solar Project,56990.0,NJR Clean Energy Ventures Corporation,NJ,PJM,0.0,0.0,0.0,226.0,3470.0,1.0,0.0,0.0,0.0,0.0,0.0,0.0,226.0,3470.0,1.0
2024,58631.0,Queen Anne's County,57313.0,Tesla Inc.,MD,PJM,0.0,0.0,0.0,203.0,2606.0,1.0,0.0,0.0,0.0,0.0,0.0,0.0,203.0,2606.0,1.0
2024,62756.0,RC Energy AA LLC Solar Facility,62655.0,RC Energy AA LLC,NM,PNM,0.0,0.0,0.0,216.0,1965.0,1.0,0.0,0.0,0.0,0.0,0.0,0.0,216.0,1965.0,1.0
2024,60426.0,RCWD PV Project,61944.0,MN8 Energy LLC,CA,CISO,0.0,0.0,0.0,606.0,7737.0,1.0,0.0,0.0,0.0,0.0,0.0,0.0,606.0,7737.0,1.0
2024,63455.0,RE-VFO LLC,63198.0,RE-VFO LLC,CA,CISO,0.0,0.0,0.0,0.0,0.0,0.0,188.0,1832.0,1.0,0.0,0.0,0.0,188.0,1832.0,1.0
2024,62810.0,"RIT Henrietta Solar 1, LLC",64994.0,SolRiver Capital LLC,NY,NYIS,0.0,0.0,0.0,172.0,2436.0,1.0,0.0,0.0,0.0,0.0,0.0,0.0,172.0,2436.0,1.0
2024,57507.0,RV CSU Power II LLC,56828.0,RV CSU Power II LLC,CO,PSCO,0.0,0.0,0.0,295.0,2744.0,1.0,0.0,0.0,0.0,0.0,0.0,0.0,295.0,2744.0,1.0
2024,57141.0,RV CSU Power LLC,56493.0,RV CSU Power LLC,CO,PSCO,0.0,0.0,0.0,208.0,1760.0,1.0,0.0,0.0,0.0,0.0,0.0,0.0,208.0,1760.0,1.0
2024,66486.0,Ramapo,60281.0,"Altus Power America Management, LLC",NJ,PJM,0.0,0.0,0.0,463.0,3954.0,1.0,0.0,0.0,0.0,0.0,0.0,0.0,463.0,3954.0,1.0
2024,63017.0,Ray Wilson Solar,62871.0,"Ray Wilson Solar, LLC",NC,DUK,0.0,0.0,0.0,536.0,7863.0,1.0,0.0,0.0,0.0,0.0,0.0,0.0,536.0,7863.0,1.0
2024,61901.0,Redstone Arsenal Hybrid,61944.0,MN8 Energy LLC,AL,TVA,0.0,0.0,0.0,1813.0,16949.0,1.0,0.0,0.0,0.0,0.0,0.0,0.0,1813.0,16949.0,1.0
2024,63071.0,Reed Road Solar,62856.0,"Forefront Power, LLC",IL,PJM,0.0,0.0,0.0,60.0,1982.0,1.0,0.0,0.0,0.0,0.0,0.0,0.0,60.0,1982.0,1.0
2024,63074.0,Reedley Community College Solar,62856.0,"Forefront Power, LLC",CA,CISO,0.0,0.0,0.0,484.0,3781.0,1.0,0.0,0.0,0.0,0.0,0.0,0.0,484.0,3781.0,1.0
2024,58589.0,Rio Rancho High School,63249.0,Terraform Arcadia,NM,PNM,0.0,0.0,0.0,186.0,2157.0,1.0,0.0,0.0,0.0,0.0,0.0,0.0,186.0,2157.0,1.0
2024,67521.0,Rivercrest SD,66243.0,"Entegrity Solar Rivercrest SD, LLC",AR,MISO,0.0,0.0,0.0,115.0,2198.0,1.0,0.0,0.0,0.0,0.0,0.0,0.0,115.0,2198.0,1.0
2024,59877.0,Riverside RWQCP Fuel Cell,59662.0,"Riverside Fuel Cell, LLC",CA,CISO,0.0,0.0,0.0,673.0,8517.0,1.0,0.0,0.0,0.0,0.0,0.0,0.0,673.0,8517.0,1.0
2024,57524.0,Roger Road WWTP,56857.0,SunE M5C Holdings LLC,AZ,TEPC,0.0,0.0,0.0,118.0,995.0,1.0,0.0,0.0,0.0,0.0,0.0,0.0,118.0,995.0,1.0
2024,64299.0,Roger Williams - Melville at Portsmouth,62679.0,"Luminace Solar Rhode Island, LLC",RI,ISNE,0.0,0.0,0.0,606.0,4662.0,1.0,0.0,0.0,0.0,0.0,0.0,0.0,606.0,4662.0,1.0
2024,67401.0,"Rutgers Busch Liv (Lot 55, 58, 58A, 58B)",66154.0,"Bowser Road Solar Project 2021, LLC",NJ,PJM,0.0,0.0,0.0,117.0,2105.0,1.0,0.0,0.0,0.0,0.0,0.0,0.0,117.0,2105.0,1.0
2024,67292.0,Rutgers Busch Livingston Lot B & C,66154.0,"Bowser Road Solar Project 2021, LLC",NJ,PJM,0.0,0.0,0.0,132.0,2376.0,1.0,0.0,0.0,0.0,0.0,0.0,0.0,132.0,2376.0,1.0
2024,67294.0,Rutgers Cook Douglass Lot 97 & 98a,66156.0,"Dudley Road Solar Project 2021, LLC",NJ,PJM,0.0,0.0,0.0,110.0,2033.0,1.0,0.0,0.0,0.0,0.0,0.0,0.0,110.0,2033.0,1.0
2024,64027.0,SB Water Reclamation Fuel Cell,63669.0,"San Bernardino Fuel Cell, LLC",CA,CISO,0.0,0.0,0.0,886.0,9421.0,1.0,0.0,0.0,0.0,0.0,0.0,0.0,886.0,9421.0,1.0
2024,63021.0,SCCCD - Clovis Community College,62856.0,"Forefront Power, LLC",CA,CISO,0.0,0.0,0.0,272.0,2015.0,1.0,0.0,0.0,0.0,0.0,0.0,0.0,272.0,2015.0,1.0
2024,63068.0,SCCCD - Fresno Community College,62856.0,"Forefront Power, LLC",CA,CISO,0.0,0.0,0.0,441.0,3839.0,1.0,0.0,0.0,0.0,0.0,0.0,0.0,441.0,3839.0,1.0
2024,64362.0,"SCS American Bottoms 009885 Sauget, LLC",61230.0,"Arevon Energy, Inc.",IL,MISO,0.0,0.0,0.0,0.0,0.0,0.0,71.0,2455.0,1.0,0.0,0.0,0.0,71.0,2455.0,1.0
2024,64364.0,"SCS Beltway 011754 Rock Falls, LLC",61230.0,"Arevon Energy, Inc.",IL,PJM,0.0,0.0,0.0,138.0,1791.0,1.0,0.0,0.0,0.0,0.0,0.0,0.0,138.0,1791.0,1.0
2024,65417.0,"SCS COUNTY 012631 Champaign, LLC",61230.0,"Arevon Energy, Inc.",IL,MISO,0.0,0.0,0.0,98.0,3864.0,1.0,0.0,0.0,0.0,0.0,0.0,0.0,98.0,3864.0,1.0
2024,65415.0,"SCS Galena 012589 Peoria, LLC",61230.0,"Arevon Energy, Inc.",IL,MISO,0.0,0.0,0.0,78.0,3733.0,1.0,0.0,0.0,0.0,0.0,0.0,0.0,78.0,3733.0,1.0
2024,66381.0,"SCS Harpswell 012903 Brunswick, LLC",61230.0,"Arevon Energy, Inc.",ME,ISNE,0.0,0.0,0.0,606.0,7108.0,1.0,0.0,0.0,0.0,0.0,0.0,0.0,606.0,7108.0,1.0
2024,66380.0,"SCS Penfield One 010750 Penfield, LLC",61230.0,"Arevon Energy, Inc.",NY,NYIS,0.0,0.0,0.0,598.0,8290.0,1.0,0.0,0.0,0.0,0.0,0.0,0.0,598.0,8290.0,1.0
2024,65414.0,"SCS Plainfield 011755 Naperville, LLC",61230.0,"Arevon Energy, Inc.",IL,PJM,0.0,0.0,0.0,137.0,1775.0,1.0,0.0,0.0,0.0,0.0,0.0,0.0,137.0,1775.0,1.0
2024,65418.0,"SCS Randolph 012175 Somerset, LLC",61230.0,"Arevon Energy, Inc.",NJ,PJM,0.0,0.0,0.0,121.0,2462.0,1.0,0.0,0.0,0.0,0.0,0.0,0.0,121.0,2462.0,1.0
2024,65413.0,"SCS West Fairchild 011958 Danville, LLC",61230.0,"Arevon Energy, Inc.",IL,MISO,0.0,0.0,0.0,71.0,2876.0,1.0,0.0,0.0,0.0,0.0,0.0,0.0,71.0,2876.0,1.0
2024,59138.0,SDCCD - Miramar,65164.0,CleanCapital Holdings,CA,CISO,0.0,0.0,0.0,326.0,1621.0,1.0,0.0,0.0,0.0,0.0,0.0,0.0,326.0,1621.0,1.0
2024,59139.0,SDCWA - Twin Oaks,65164.0,CleanCapital Holdings,CA,CISO,0.0,0.0,0.0,235.0,1350.0,1.0,0.0,0.0,0.0,0.0,0.0,0.0,235.0,1350.0,1.0
2024,62649.0,SFDK Solar,61012.0,AES Distributed Energy,CA,CISO,0.0,0.0,0.0,1149.0,10179.0,1.0,0.0,0.0,0.0,0.0,0.0,0.0,1149.0,10179.0,1.0
2024,59658.0,SPI Anderson 2,17164.0,Sierra Pacific Industries,CA,CISO,0.0,0.0,0.0,0.0,0.0,0.0,314.0,3142.0,1.0,0.0,0.0,0.0,314.0,3142.0,1.0
2024,59947.0,SR Camden,59710.0,"SR Camden, LLC",AR,SPA,0.0,0.0,0.0,0.0,0.0,0.0,1202.0,17420.0,1.0,0.0,0.0,0.0,1202.0,17420.0,1.0
2024,63661.0,SWM Fuel Cell,63369.0,"Yaphank Fuel Cell Park, LLC",NY,NYIS,0.0,0.0,0.0,8020.0,55618.0,1.0,0.0,0.0,0.0,0.0,0.0,0.0,8020.0,55618.0,1.0
2024,10789.0,Sabine River Operations,57160.0,The Dow Chemical Company,TX,MISO,0.0,0.0,0.0,0.0,0.0,0.0,19647.0,111166.0,1.0,0.0,0.0,0.0,19647.0,111166.0,1.0
2024,58636.0,Sacramento Fairbain Water Treatment Plan,57313.0,Tesla Inc.,CA,,0.0,0.0,0.0,82.0,960.0,1.0,0.0,0.0,0.0,0.0,0.0,0.0,82.0,960.0,1.0
2024,61209.0,Sacramento Regional County Sanitation PV,57313.0,Tesla Inc.,CA,,0.0,0.0,0.0,547.0,7291.0,1.0,0.0,0.0,0.0,0.0,0.0,0.0,547.0,7291.0,1.0
2024,66049.0,Salvation Army Solar,62915.0,Madison Energy Holdings LLC,NJ,PJM,0.0,0.0,0.0,93.0,1179.0,1.0,0.0,0.0,0.0,0.0,0.0,0.0,93.0,1179.0,1.0
2024,64028.0,San Diego - EMDF at San Diego,63667.0,"California PV Energy 3, LLC",CA,CISO,0.0,0.0,0.0,521.0,4738.0,1.0,0.0,0.0,0.0,0.0,0.0,0.0,521.0,4738.0,1.0
2024,64049.0,San Diego - NCRC at Vista,63667.0,"California PV Energy 3, LLC",CA,CISO,0.0,0.0,0.0,294.0,2940.0,1.0,0.0,0.0,0.0,0.0,0.0,0.0,294.0,2940.0,1.0
2024,62754.0,San Diego International Airport BESS,61420.0,ENGIE Storage Services NA LLC,CA,CISO,0.0,0.0,0.0,2.0,17.0,1.0,0.0,0.0,0.0,0.0,0.0,0.0,2.0,17.0,1.0
2024,60385.0,Santa Rita Jail Fuel Cell,60182.0,"SRJFC, LLC",CA,CISO,0.0,0.0,0.0,668.0,9240.0,1.0,0.0,0.0,0.0,0.0,0.0,0.0,668.0,9240.0,1.0
2024,63185.0,Sayreville Solar Project,56990.0,NJR Clean Energy Ventures Corporation,NJ,PJM,0.0,0.0,0.0,500.0,5330.0,1.0,0.0,0.0,0.0,0.0,0.0,0.0,500.0,5330.0,1.0
2024,59013.0,Scituate PV,61012.0,AES Distributed Energy,MA,ISNE,0.0,0.0,0.0,328.0,3284.0,1.0,0.0,0.0,0.0,0.0,0.0,0.0,328.0,3284.0,1.0
2024,61843.0,SeaWorld Aquatica,60584.0,Onyx Asset Services Group,CA,CISO,0.0,0.0,0.0,219.0,1850.0,1.0,0.0,0.0,0.0,0.0,0.0,0.0,219.0,1850.0,1.0
2024,57667.0,Seabrook Solar Plant,61944.0,MN8 Energy LLC,NJ,PJM,0.0,0.0,0.0,424.0,6618.0,1.0,0.0,0.0,0.0,0.0,0.0,0.0,424.0,6618.0,1.0
2024,67522.0,Searcy Water I,66244.0,"Entegrity Solar SWU, LLC",AR,MISO,0.0,0.0,0.0,49.0,832.0,1.0,0.0,0.0,0.0,0.0,0.0,0.0,49.0,832.0,1.0
2024,67523.0,Searcy Water II,66245.0,"Entegrity Solar SWU 2, LLC",AR,MISO,0.0,0.0,0.0,208.0,3529.0,1.0,0.0,0.0,0.0,0.0,0.0,0.0,208.0,3529.0,1.0
2024,60919.0,Shakopee Met Council WTP,60573.0,Oak Leaf Solar V LLC,MN,MISO,0.0,0.0,0.0,177.0,1928.0,1.0,0.0,0.0,0.0,0.0,0.0,0.0,177.0,1928.0,1.0
2024,62806.0,Shelter Creek Condominiums Solar,62701.0,"Vista Solar, Inc.",CA,CISO,0.0,0.0,0.0,524.0,3513.0,1.0,0.0,0.0,0.0,0.0,0.0,0.0,524.0,3513.0,1.0
2024,58540.0,Silver City WWTP PV Project,58509.0,"Affordable Solar Silver City, LLC",NM,PNM,0.0,0.0,0.0,0.0,0.0,0.0,136.0,1974.0,1.0,0.0,0.0,0.0,136.0,1974.0,1.0
2024,60425.0,Skidmore College,63249.0,Terraform Arcadia,NY,NYIS,0.0,0.0,0.0,231.0,2228.0,1.0,0.0,0.0,0.0,0.0,0.0,0.0,231.0,2228.0,1.0
2024,64628.0,Slidematic at Rockford,63511.0,"Luminace Solar Illinois 2, LLC",IL,PJM,0.0,0.0,0.0,80.0,3261.0,1.0,0.0,0.0,0.0,0.0,0.0,0.0,80.0,3261.0,1.0
2024,61367.0,Smith & Wesson at Springfield MA PV,57319.0,"Luminace Solar Massachusetts, LLC",MA,ISNE,0.0,0.0,0.0,285.0,2374.0,1.0,0.0,0.0,0.0,0.0,0.0,0.0,285.0,2374.0,1.0
2024,60669.0,Sod Run WTP A,61419.0,"Luminace Solar MC, LLC",MD,PJM,0.0,0.0,0.0,262.0,3278.0,1.0,0.0,0.0,0.0,0.0,0.0,0.0,262.0,3278.0,1.0
2024,63535.0,Solar BESS Hybrid,63260.0,Cobb Electric Membership Corporation,GA,SOCO,0.0,0.0,0.0,255.0,2870.0,1.0,0.0,0.0,0.0,0.0,0.0,0.0,255.0,2870.0,1.0
2024,64237.0,"Solar Lee, LLC",63823.0,"Solar Lee, LLC",NC,CPLE,0.0,0.0,0.0,367.0,6076.0,1.0,0.0,0.0,0.0,0.0,0.0,0.0,367.0,6076.0,1.0
2024,57933.0,Solar Star California II LLC,58101.0,Solar Star California II LLC,CA,,0.0,0.0,0.0,220.0,3455.0,1.0,0.0,0.0,0.0,0.0,0.0,0.0,220.0,3455.0,1.0
2024,60869.0,"Solar Star California, XLIV, LLC",61944.0,MN8 Energy LLC,CA,CISO,0.0,0.0,0.0,1831.0,17663.0,1.0,0.0,0.0,0.0,0.0,0.0,0.0,1831.0,17663.0,1.0
2024,58402.0,Solar Star New Jersey NJ LLC,58387.0,Solar Star New Jersey VI LLC,NJ,PJM,0.0,0.0,0.0,72.0,1336.0,1.0,0.0,0.0,0.0,0.0,0.0,0.0,72.0,1336.0,1.0
2024,66889.0,Solops 371 Hoes LLC,65811.0,Solops 371 Hoes LLC,NJ,PJM,0.0,0.0,0.0,99.0,1865.0,1.0,0.0,0.0,0.0,0.0,0.0,0.0,99.0,1865.0,1.0
2024,63452.0,Solvay Solar,63188.0,"West Deptford Distributed Solar, LLC",NJ,PJM,0.0,0.0,0.0,0.0,0.0,0.0,775.0,8321.0,1.0,0.0,0.0,0.0,775.0,8321.0,1.0
2024,66178.0,"South 49th 013445 SCS Norfolk, LLC",61230.0,"Arevon Energy, Inc.",NE,WACM,0.0,0.0,0.0,760.0,18527.0,1.0,0.0,0.0,0.0,0.0,0.0,0.0,760.0,18527.0,1.0
2024,60823.0,South Sioux City Solar,57313.0,Tesla Inc.,NE,SWPP,0.0,0.0,0.0,283.0,3854.0,1.0,0.0,0.0,0.0,0.0,0.0,0.0,283.0,3854.0,1.0
2024,67524.0,Southside SD,66246.0,"Entegrity Solar Southside SD, LLC",AR,MISO,0.0,0.0,0.0,84.0,1681.0,1.0,0.0,0.0,0.0,0.0,0.0,0.0,84.0,1681.0,1.0
2024,60945.0,"Spartan PV 1, LLC",56990.0,NJR Clean Energy Ventures Corporation,MI,MISO,0.0,0.0,0.0,1219.0,11977.0,1.0,0.0,0.0,0.0,0.0,0.0,0.0,1219.0,11977.0,1.0
2024,64976.0,Spooner Solar Array,60571.0,"AEP Onsite Partners, LLC",WI,MISO,0.0,0.0,0.0,220.0,3612.0,1.0,0.0,0.0,0.0,0.0,0.0,0.0,220.0,3612.0,1.0
2024,67706.0,Spring Lane,61944.0,MN8 Energy LLC,PA,PJM,0.0,0.0,0.0,40.0,667.0,1.0,0.0,0.0,0.0,0.0,0.0,0.0,40.0,667.0,1.0
2024,59545.0,Springfield Solar LLC,59287.0,Laurel Capital Partners,OH,PJM,0.0,0.0,0.0,1.0,277.0,1.0,0.0,0.0,0.0,0.0,0.0,0.0,1.0,277.0,1.0
2024,61907.0,Springfield Solar Project,56990.0,NJR Clean Energy Ventures Corporation,NJ,PJM,0.0,0.0,0.0,1248.0,11801.0,1.0,0.0,0.0,0.0,0.0,0.0,0.0,1248.0,11801.0,1.0
2024,63070.0,Square Barn Solar,62856.0,"Forefront Power, LLC",IL,PJM,0.0,0.0,0.0,67.0,2299.0,1.0,0.0,0.0,0.0,0.0,0.0,0.0,67.0,2299.0,1.0
2024,62020.0,Stanford Campus Solar,61944.0,MN8 Energy LLC,CA,CISO,0.0,0.0,0.0,1011.0,5852.0,1.0,0.0,0.0,0.0,0.0,0.0,0.0,1011.0,5852.0,1.0
2024,57683.0,"Staples La Mirada, CA",57007.0,"SunE WF3-ST Holdings, LLC",CA,CISO,0.0,0.0,0.0,165.0,870.0,1.0,0.0,0.0,0.0,0.0,0.0,0.0,165.0,870.0,1.0
2024,62723.0,Steel Sun 2: 2303-III-2 Hamburg Tpke,65164.0,CleanCapital Holdings,NY,NYIS,0.0,0.0,0.0,231.0,3260.0,1.0,0.0,0.0,0.0,0.0,0.0,0.0,231.0,3260.0,1.0
2024,62722.0,Steel Sun 2: 2303-III-4 Hamburg Tpke,65164.0,CleanCapital Holdings,NY,NYIS,0.0,0.0,0.0,462.0,3157.0,1.0,0.0,0.0,0.0,0.0,0.0,0.0,462.0,3157.0,1.0
2024,62721.0,Steel Sun 2: 2303-III-9 Hamburg Tpke,65164.0,CleanCapital Holdings,NY,NYIS,0.0,0.0,0.0,231.0,3281.0,1.0,0.0,0.0,0.0,0.0,0.0,0.0,231.0,3281.0,1.0
2024,61607.0,Stenner Creek Solar,61210.0,Stenner Creek Solar LLC,CA,CISO,0.0,0.0,0.0,575.0,9497.0,1.0,0.0,0.0,0.0,0.0,0.0,0.0,575.0,9497.0,1.0
2024,57864.0,Stockton Athletic Center,61944.0,MN8 Energy LLC,NJ,PJM,0.0,0.0,0.0,116.0,1178.0,1.0,0.0,0.0,0.0,0.0,0.0,0.0,116.0,1178.0,1.0
2024,54149.0,Stony Brook Cogen Plant,13587.0,Nissequoque Cogen Partners,NY,NYIS,0.0,0.0,0.0,4691.0,221840.0,1.0,0.0,0.0,0.0,0.0,0.0,0.0,4691.0,221840.0,1.0
2024,58588.0,Sue Cleveland High School,63249.0,Terraform Arcadia,NM,PNM,0.0,0.0,0.0,199.0,2304.0,1.0,0.0,0.0,0.0,0.0,0.0,0.0,199.0,2304.0,1.0
2024,60817.0,Sullivan County - Adult Care Solar,57313.0,Tesla Inc.,NY,NYIS,0.0,0.0,0.0,173.0,2441.0,1.0,0.0,0.0,0.0,0.0,0.0,0.0,173.0,2441.0,1.0
2024,60809.0,"Summit Water Nexus Mt. Holly, LLC Solar",60955.0,"Summit Water Nexus, Mount Holly, LLC",NJ,PJM,0.0,0.0,0.0,112.0,1252.0,1.0,0.0,0.0,0.0,0.0,0.0,0.0,112.0,1252.0,1.0
2024,57010.0,SunEdison Anheuser Busch Fairfield,56434.0,SunE M5 Holdings LLC,CA,CISO,0.0,0.0,0.0,169.0,1187.0,1.0,0.0,0.0,0.0,0.0,0.0,0.0,169.0,1187.0,1.0
2024,57007.0,SunEdison Ironwood State Prison,56297.0,SunE CPA CDC2 LLC,CA,CISO,0.0,0.0,0.0,177.0,997.0,1.0,0.0,0.0,0.0,0.0,0.0,0.0,177.0,997.0,1.0
2024,56938.0,SunEdison LV Sutton Plant Site,56183.0,SunE NC Progress 1 LLC,NC,CPLE,0.0,0.0,0.0,318.0,1122.0,1.0,0.0,0.0,0.0,0.0,0.0,0.0,318.0,1122.0,1.0
2024,57008.0,SunEdison Procter & Gamble Oxnard,56431.0,SunE U6 Holdings LLC,CA,CISO,0.0,0.0,0.0,306.0,1633.0,1.0,0.0,0.0,0.0,0.0,0.0,0.0,306.0,1633.0,1.0
2024,57004.0,SunEdison Walgreens Moreno Valley,56294.0,SunE WG113 Moreno Valley LLC,CA,CISO,0.0,0.0,0.0,133.0,899.0,1.0,0.0,0.0,0.0,0.0,0.0,0.0,133.0,899.0,1.0
2024,57012.0,SunEdison Walmart Apple Valley DC,56434.0,SunE M5 Holdings LLC,CA,CISO,0.0,0.0,0.0,107.0,716.0,1.0,0.0,0.0,0.0,0.0,0.0,0.0,107.0,716.0,1.0
2024,64477.0,"Suncaster, LLC",64116.0,"Suncaster, LLC",NC,CPLE,0.0,0.0,0.0,212.0,3430.0,1.0,0.0,0.0,0.0,0.0,0.0,0.0,212.0,3430.0,1.0
2024,61922.0,Sunlight Beacon,59474.0,BQ Energy LLC,NY,NYIS,0.0,0.0,0.0,431.0,3563.0,1.0,0.0,0.0,0.0,0.0,0.0,0.0,431.0,3563.0,1.0
2024,61914.0,Susquehanna University Solar,63249.0,Terraform Arcadia,PA,PJM,0.0,0.0,0.0,284.0,3971.0,1.0,0.0,0.0,0.0,0.0,0.0,0.0,284.0,3971.0,1.0
2024,68624.0,Sutter Home Winery GIR,65330.0,"Westbound Solar 3, LLC",CA,CISO,0.0,0.0,0.0,193.0,1834.0,1.0,0.0,0.0,0.0,0.0,0.0,0.0,193.0,1834.0,1.0
2024,68630.0,Sutter Home Winery TCC,67006.0,"REC SHW, LLC",CA,CISO,0.0,0.0,0.0,124.0,1127.0,1.0,0.0,0.0,0.0,0.0,0.0,0.0,124.0,1127.0,1.0
2024,64476.0,"Swansboro Solar, LLC",64115.0,"Swansboro Solar, LLC",NC,CPLE,0.0,0.0,0.0,298.0,5522.0,1.0,0.0,0.0,0.0,0.0,0.0,0.0,298.0,5522.0,1.0
2024,55015.0,Sweeny Cogen Facility,22214.0,Sweeny Cogeneration LLC,TX,ERCO,0.0,0.0,0.0,0.0,0.0,0.0,132448.0,2824278.0,1.0,0.0,0.0,0.0,132448.0,2824278.0,1.0
2024,64273.0,"Sweet Tea Solar, LLC",63865.0,"Sweet Tea Solar, LLC",NC,CPLE,0.0,0.0,0.0,374.0,5817.0,1.0,0.0,0.0,0.0,0.0,0.0,0.0,374.0,5817.0,1.0
2024,67459.0,Sycamore,65043.0,Madison Energy Investments LLC,OH,PJM,0.0,0.0,0.0,149.0,1864.0,1.0,0.0,0.0,0.0,0.0,0.0,0.0,149.0,1864.0,1.0
2024,66770.0,THD Baltimore DC - 5830 Project Tiger,64872.0,"Distributed Solar Development, LLC",MD,PJM,0.0,0.0,0.0,97.0,1619.0,1.0,0.0,0.0,0.0,0.0,0.0,0.0,97.0,1619.0,1.0
2024,67270.0,THD Baltimore DCs - 5829 Project Lion,64872.0,"Distributed Solar Development, LLC",MD,PJM,0.0,0.0,0.0,133.0,3680.0,1.0,0.0,0.0,0.0,0.0,0.0,0.0,133.0,3680.0,1.0
2024,67087.0,THD Quicksilver - MDC Perth Amboy,65991.0,"THD NJ Riverview Main Distribution Center Solar Project 2020, LLC",NJ,NYIS,0.0,0.0,0.0,0.0,0.0,0.0,235.0,4553.0,1.0,0.0,0.0,0.0,235.0,4553.0,1.0
2024,66517.0,TX Houston 7080 Express Lane,65565.0,"Catalyze Houston Express Lane Microgrid, LLC",TX,ERCO,0.0,0.0,0.0,0.0,0.0,0.0,0.0,3.0,1.0,0.0,0.0,0.0,0.0,3.0,1.0
2024,58232.0,Tahquitz High School,61012.0,AES Distributed Energy,CA,CISO,0.0,0.0,0.0,302.0,1583.0,1.0,0.0,0.0,0.0,0.0,0.0,0.0,302.0,1583.0,1.0
2024,60677.0,Tannery Road Landfill,60401.0,"Tannery Road Solar, LLC",NY,NYIS,0.0,0.0,0.0,209.0,1823.0,1.0,0.0,0.0,0.0,0.0,0.0,0.0,209.0,1823.0,1.0
2024,62246.0,Target Woodland Solar Project,61944.0,MN8 Energy LLC,CA,CISO,0.0,0.0,0.0,246.0,2887.0,1.0,0.0,0.0,0.0,0.0,0.0,0.0,246.0,2887.0,1.0
2024,59330.0,Taylor Farms,56930.0,"Foundation HA Energy Generation, LLC",CA,CISO,0.0,0.0,0.0,0.0,0.0,0.0,410.0,3859.0,1.0,0.0,0.0,0.0,410.0,3859.0,1.0
2024,57594.0,Teichert Materials-Teichert Vernalis,56930.0,"Foundation HA Energy Generation, LLC",CA,CISO,0.0,0.0,0.0,0.0,0.0,0.0,187.0,1911.0,1.0,0.0,0.0,0.0,187.0,1911.0,1.0
2024,67365.0,Tejon Castac Water District Solar,66065.0,"CTMW Solar, LLC",CA,CISO,0.0,0.0,0.0,182.0,2521.0,1.0,0.0,0.0,0.0,0.0,0.0,0.0,182.0,2521.0,1.0
2024,50481.0,Tennessee Eastman Operations,5610.0,Eastman Chemical Co-TN Ops,TN,PJM,0.0,0.0,0.0,0.0,0.0,0.0,3145.0,45121.0,1.0,0.0,0.0,0.0,3145.0,45121.0,1.0
2024,10093.0,Tesoro Hawaii,58553.0,PAR Petroleum,HI,NA,0.0,0.0,0.0,0.0,0.0,0.0,2436.0,7143.0,1.0,0.0,0.0,0.0,2436.0,7143.0,1.0
2024,60461.0,The Clorox Company,57313.0,Tesla Inc.,MD,PJM,0.0,0.0,0.0,88.0,2414.0,1.0,0.0,0.0,0.0,0.0,0.0,0.0,88.0,2414.0,1.0
2024,63968.0,The GSI Group LLC at Assumption,63511.0,"Luminace Solar Illinois 2, LLC",IL,MISO,0.0,0.0,0.0,48.0,2419.0,1.0,0.0,0.0,0.0,0.0,0.0,0.0,48.0,2419.0,1.0
2024,67272.0,The Village at Orchard Ridge (TVOR),64872.0,"Distributed Solar Development, LLC",VA,PJM,0.0,0.0,0.0,153.0,2206.0,1.0,0.0,0.0,0.0,0.0,0.0,0.0,153.0,2206.0,1.0
2024,63404.0,Thermo Fisher,61944.0,MN8 Energy LLC,NJ,PJM,0.0,0.0,0.0,119.0,1604.0,1.0,0.0,0.0,0.0,0.0,0.0,0.0,119.0,1604.0,1.0
2024,58749.0,Tihonet Solar,57365.0,Consolidated Edison Solutions Inc.,MA,ISNE,0.0,0.0,0.0,0.0,0.0,0.0,202.0,1826.0,1.0,0.0,0.0,0.0,202.0,1826.0,1.0
2024,60771.0,Timber Creek HS,61944.0,MN8 Energy LLC,NJ,PJM,0.0,0.0,0.0,163.0,1415.0,1.0,0.0,0.0,0.0,0.0,0.0,0.0,163.0,1415.0,1.0
2024,60904.0,Time Warner Cable - Knowles,57313.0,Tesla Inc.,NY,NYIS,0.0,0.0,0.0,262.0,3123.0,1.0,0.0,0.0,0.0,0.0,0.0,0.0,262.0,3123.0,1.0
2024,63904.0,Timonium Fairgrounds,62915.0,Madison Energy Holdings LLC,MD,PJM,0.0,0.0,0.0,181.0,2766.0,1.0,0.0,0.0,0.0,0.0,0.0,0.0,181.0,2766.0,1.0
2024,68547.0,Tipton 1 - (CA),66922.0,Pacifico Power,CA,CISO,0.0,0.0,0.0,0.0,0.0,0.0,37.0,170.0,1.0,0.0,0.0,0.0,37.0,170.0,1.0
2024,68548.0,Tipton 2 - (CA),66922.0,Pacifico Power,CA,CISO,0.0,0.0,0.0,0.0,0.0,0.0,19.0,85.0,1.0,0.0,0.0,0.0,19.0,85.0,1.0
2024,58364.0,Tissington Solar,61944.0,MN8 Energy LLC,NJ,PJM,0.0,0.0,0.0,303.0,3707.0,1.0,0.0,0.0,0.0,0.0,0.0,0.0,303.0,3707.0,1.0
2024,60431.0,Tompkins Cortland Community College,60231.0,"SEC LHNY Solar One, LLC",NY,NYIS,0.0,0.0,0.0,291.0,2448.0,1.0,0.0,0.0,0.0,0.0,0.0,0.0,291.0,2448.0,1.0
2024,60096.0,Town of Chestertown- Chestertown WWTP,57313.0,Tesla Inc.,MD,PJM,0.0,0.0,0.0,77.0,1700.0,1.0,0.0,0.0,0.0,0.0,0.0,0.0,77.0,1700.0,1.0
2024,60115.0,Town of Halfmoon,57313.0,Tesla Inc.,NY,ISNE,0.0,0.0,0.0,66.0,1456.0,1.0,0.0,0.0,0.0,0.0,0.0,0.0,66.0,1456.0,1.0
2024,59613.0,Town of Williamson Landfill PV,61944.0,MN8 Energy LLC,NY,NYIS,0.0,0.0,0.0,158.0,1426.0,1.0,0.0,0.0,0.0,0.0,0.0,0.0,158.0,1426.0,1.0
2024,67273.0,Township of Monroe - Williamstown HS,64872.0,"Distributed Solar Development, LLC",NJ,PJM,0.0,0.0,0.0,16.0,1413.0,1.0,0.0,0.0,0.0,0.0,0.0,0.0,16.0,1413.0,1.0
2024,67274.0,Township of Monroe - Williamstown MS,64872.0,"Distributed Solar Development, LLC",NJ,PJM,0.0,0.0,0.0,19.0,1721.0,1.0,0.0,0.0,0.0,0.0,0.0,0.0,19.0,1721.0,1.0
2024,61895.0,Toyota HQ Plan,61944.0,MN8 Energy LLC,TX,ERCO,0.0,0.0,0.0,1031.0,6700.0,1.0,0.0,0.0,0.0,0.0,0.0,0.0,1031.0,6700.0,1.0
2024,57647.0,"Toys R Us- DE, Inc. at Mt. Olive, NJ",56976.0,"Luminace Solar New Jersey II, LLC",NJ,PJM,0.0,0.0,0.0,326.0,4652.0,1.0,0.0,0.0,0.0,0.0,0.0,0.0,326.0,4652.0,1.0
2024,64376.0,Tranquillity ID,63992.0,"Tranquillity Solar 1, LLC",CA,CISO,0.0,0.0,0.0,334.0,2780.0,1.0,0.0,0.0,0.0,0.0,0.0,0.0,334.0,2780.0,1.0
2024,61786.0,Trinity College Fuel Cell,60571.0,"AEP Onsite Partners, LLC",CT,ISNE,0.0,0.0,0.0,619.0,11456.0,1.0,0.0,0.0,0.0,0.0,0.0,0.0,619.0,11456.0,1.0
2024,62260.0,Trout Creek Solar,60571.0,"AEP Onsite Partners, LLC",CO,PSCO,0.0,0.0,0.0,165.0,2940.0,1.0,0.0,0.0,0.0,0.0,0.0,0.0,165.0,2940.0,1.0
2024,64388.0,TruStile Doors - Denver,63432.0,SkyHigh 2 Solar,CO,PSCO,0.0,0.0,0.0,84.0,2085.0,1.0,0.0,0.0,0.0,0.0,0.0,0.0,84.0,2085.0,1.0
2024,67526.0,UADA,66248.0,"Entegrity Solar UA AG, LLC",AR,SWPP,0.0,0.0,0.0,293.0,5888.0,1.0,0.0,0.0,0.0,0.0,0.0,0.0,293.0,5888.0,1.0
2024,61995.0,UC Merced Solar Hybrid,61944.0,MN8 Energy LLC,CA,CISO,0.0,0.0,0.0,841.0,6516.0,1.0,0.0,0.0,0.0,0.0,0.0,0.0,841.0,6516.0,1.0
2024,62016.0,UC Riverside Lots 30 & 32,61944.0,MN8 Energy LLC,CA,CISO,0.0,0.0,0.0,887.0,6990.0,1.0,0.0,0.0,0.0,0.0,0.0,0.0,887.0,6990.0,1.0
2024,61603.0,UMASS,56769.0,Consolidated Edison Development Inc.,MA,ISNE,0.0,0.0,0.0,0.0,0.0,0.0,457.0,5646.0,1.0,0.0,0.0,0.0,457.0,5646.0,1.0
2024,59749.0,UMES (MD) - Princess Anne,58473.0,"NVT LICENSES, LLC",MD,PJM,0.0,0.0,0.0,273.0,2416.0,1.0,0.0,0.0,0.0,0.0,0.0,0.0,273.0,2416.0,1.0
2024,60808.0,US Foods Solar,58677.0,CD US Solar MT1 LLC,NJ,PJM,0.0,0.0,0.0,123.0,1221.0,1.0,0.0,0.0,0.0,0.0,0.0,0.0,123.0,1221.0,1.0
2024,60086.0,US-TOPCO (Soccer Center),57313.0,Tesla Inc.,CA,CISO,0.0,0.0,0.0,560.0,6955.0,1.0,0.0,0.0,0.0,0.0,0.0,0.0,560.0,6955.0,1.0
2024,62612.0,USAA Black Bear Energy,62067.0,Powerflex,NJ,PJM,0.0,0.0,0.0,325.0,3032.0,1.0,0.0,0.0,0.0,0.0,0.0,0.0,325.0,3032.0,1.0
2024,61682.0,USG 1,60059.0,ZGlobal Inc,CA,IID,0.0,0.0,0.0,0.0,0.0,0.0,246.0,2972.0,1.0,0.0,0.0,0.0,246.0,2972.0,1.0
2024,61683.0,USG 2,60059.0,ZGlobal Inc,CA,IID,0.0,0.0,0.0,0.0,0.0,0.0,180.0,1971.0,1.0,0.0,0.0,0.0,180.0,1971.0,1.0
2024,58516.0,Union HS at Casa Grande,58491.0,"Luminace Solar Holding, LLC",AZ,AZPS,0.0,0.0,0.0,372.0,2858.0,1.0,0.0,0.0,0.0,0.0,0.0,0.0,372.0,2858.0,1.0
2024,62119.0,University Park Solar,61675.0,SS PA II PSU LLC,PA,PJM,0.0,0.0,0.0,0.0,0.0,0.0,180.0,2270.0,1.0,0.0,0.0,0.0,180.0,2270.0,1.0
2024,63668.0,"University Solar, LLC",61012.0,AES Distributed Energy,RI,ISNE,0.0,0.0,0.0,3696.0,26177.0,1.0,0.0,0.0,0.0,0.0,0.0,0.0,3696.0,26177.0,1.0
2024,54372.0,University of Colorado,22208.0,University of Colorado,CO,PSCO,0.0,0.0,0.0,13562.0,104164.0,1.0,0.0,0.0,0.0,0.0,0.0,0.0,13562.0,104164.0,1.0
2024,54044.0,University of Illinois Cogen Facility,19528.0,University of Illinois,IL,PJM,0.0,0.0,0.0,618.0,5492.0,1.0,0.0,0.0,0.0,0.0,0.0,0.0,618.0,5492.0,1.0
2024,64438.0,Vallecitos Water District,64088.0,"SSA Solar of CA 5, LLC",CA,CISO,0.0,0.0,0.0,283.0,3242.0,1.0,0.0,0.0,0.0,0.0,0.0,0.0,283.0,3242.0,1.0
2024,60824.0,Valley Sanitary District WTP Solar,57313.0,Tesla Inc.,CA,LDWP,0.0,0.0,0.0,85.0,1388.0,1.0,0.0,0.0,0.0,0.0,0.0,0.0,85.0,1388.0,1.0
2024,61463.0,Vandenberg Solar Project,61944.0,MN8 Energy LLC,CA,CISO,0.0,0.0,0.0,3003.0,39736.0,1.0,0.0,0.0,0.0,0.0,0.0,0.0,3003.0,39736.0,1.0
2024,58517.0,Vista Grande HS at Casa Grande,58491.0,"Luminace Solar Holding, LLC",AZ,AZPS,0.0,0.0,0.0,360.0,2768.0,1.0,0.0,0.0,0.0,0.0,0.0,0.0,360.0,2768.0,1.0
2024,58401.0,Volkswagen Solar System,58385.0,"SR Enterprise South, LLC",TN,TVA,0.0,0.0,0.0,0.0,0.0,0.0,76.0,11709.0,1.0,0.0,0.0,0.0,76.0,11709.0,1.0
2024,66806.0,Vulcan San Emidio Solar,65773.0,Renew Solar VMC LLC,CA,CISO,0.0,0.0,0.0,328.0,3771.0,1.0,0.0,0.0,0.0,0.0,0.0,0.0,328.0,3771.0,1.0
2024,60365.0,Vulcraft Solar,60800.0,"Soltage VUL 1600 Chemung, LLC",NY,NYIS,0.0,0.0,0.0,0.0,0.0,0.0,189.0,2003.0,1.0,0.0,0.0,0.0,189.0,2003.0,1.0
2024,56922.0,WWRF Solar Plant,56431.0,SunE U6 Holdings LLC,CO,PSCO,0.0,0.0,0.0,111.0,1700.0,1.0,0.0,0.0,0.0,0.0,0.0,0.0,111.0,1700.0,1.0
2024,58123.0,Wakefern Food Corp,56990.0,NJR Clean Energy Ventures Corporation,NJ,PJM,0.0,0.0,0.0,221.0,2619.0,1.0,0.0,0.0,0.0,0.0,0.0,0.0,221.0,2619.0,1.0
2024,57006.0,Walgreens Woodland Distribution Center,56296.0,SunE WG45 Woodland LLC,CA,CISO,0.0,0.0,0.0,147.0,910.0,1.0,0.0,0.0,0.0,0.0,0.0,0.0,147.0,910.0,1.0
2024,63510.0,Walnut Unified School District Walnut HS,57313.0,Tesla Inc.,CA,CISO,0.0,0.0,0.0,192.0,808.0,1.0,0.0,0.0,0.0,0.0,0.0,0.0,192.0,808.0,1.0
2024,68394.0,Waterboro,65043.0,Madison Energy Investments LLC,ME,ISNE,0.0,0.0,0.0,322.0,3293.0,1.0,0.0,0.0,0.0,0.0,0.0,0.0,322.0,3293.0,1.0
2024,50216.0,Watson Cogeneration,867.0,ARCO Products Co-Watson,CA,CISO,0.0,0.0,0.0,0.0,0.0,0.0,32691.0,746930.0,1.0,0.0,0.0,0.0,32691.0,746930.0,1.0
2024,60821.0,Weber State University - Davis Campus PV,57313.0,Tesla Inc.,UT,WACM,0.0,0.0,0.0,158.0,2696.0,1.0,0.0,0.0,0.0,0.0,0.0,0.0,158.0,2696.0,1.0
2024,58244.0,West Valley High School Solar,61012.0,AES Distributed Energy,CA,CISO,0.0,0.0,0.0,243.0,1269.0,1.0,0.0,0.0,0.0,0.0,0.0,0.0,243.0,1269.0,1.0
2024,64365.0,"Western Meadowlark Solar SCS NE 1, LLC",61230.0,"Arevon Energy, Inc.",NE,SWPP,0.0,0.0,0.0,484.0,9334.0,1.0,0.0,0.0,0.0,0.0,0.0,0.0,484.0,9334.0,1.0
2024,65484.0,Western Plains Wind,64806.0,"Western Plains Wind, LLC",KS,SWPP,0.0,0.0,0.0,0.0,0.0,0.0,465.0,12220.0,1.0,0.0,0.0,0.0,465.0,12220.0,1.0
2024,62443.0,Westminster,61944.0,MN8 Energy LLC,VT,ISNE,0.0,0.0,0.0,567.0,2791.0,1.0,0.0,0.0,0.0,0.0,0.0,0.0,567.0,2791.0,1.0
2024,60500.0,Westside Avenue,60268.0,"Hartz Solar, LLC",NJ,PJM,0.0,0.0,0.0,177.0,1059.0,1.0,0.0,0.0,0.0,0.0,0.0,0.0,177.0,1059.0,1.0
2024,68395.0,Wheeler Ridge 2,65043.0,Madison Energy Investments LLC,CA,CISO,0.0,0.0,0.0,63.0,913.0,1.0,0.0,0.0,0.0,0.0,0.0,0.0,63.0,913.0,1.0
2024,67527.0,White River Medical Center,66249.0,"Entegrity Solar WRMC, LLC",AR,MISO,0.0,0.0,0.0,280.0,5222.0,0.0,0.0,0.0,0.0,0.0,0.0,0.0,280.0,5222.0,0.0
2024,61630.0,William G Mennen Sports Solar,58753.0,Sunlight General Morris Solar LLC,NJ,PJM,0.0,0.0,0.0,10.0,91.0,1.0,0.0,0.0,0.0,0.0,0.0,0.0,10.0,91.0,1.0
2024,57805.0,William Paterson University,57124.0,Nautilus Solar WPU LLC,NJ,PJM,0.0,0.0,0.0,331.0,1730.0,1.0,0.0,0.0,0.0,0.0,0.0,0.0,331.0,1730.0,1.0
2024,60736.0,Wilmington Solar,61944.0,MN8 Energy LLC,MA,ISNE,0.0,0.0,0.0,209.0,2647.0,1.0,0.0,0.0,0.0,0.0,0.0,0.0,209.0,2647.0,1.0
2024,62902.0,Windsor Floating Solar,62772.0,CA ODEVI LLC,CA,CISO,0.0,0.0,0.0,274.0,2456.0,1.0,0.0,0.0,0.0,0.0,0.0,0.0,274.0,2456.0,1.0
2024,59812.0,Wolf Hollow II,6035.0,"Constellation Power, Inc",TX,ERCO,0.0,0.0,0.0,7436.0,1179525.0,1.0,0.0,0.0,0.0,0.0,0.0,0.0,7436.0,1179525.0,1.0
2024,10613.0,"Woodland Pulp, LLC",5232.0,Woodland Pulp LLC,ME,NBSO,0.0,0.0,0.0,0.0,0.0,0.0,6374.0,110747.0,1.0,0.0,0.0,0.0,6374.0,110747.0,1.0
2024,63512.0,Wor-Wic Community College - Offsite,57313.0,Tesla Inc.,MD,PJM,0.0,0.0,0.0,240.0,3614.0,1.0,0.0,0.0,0.0,0.0,0.0,0.0,240.0,3614.0,1.0
These entities are one of the elements used in the state Adjustment lines in the Sales to Ultimate Customers file.,,,,,,,,,,,,,,,,,,,,,
